,pclass,name,sex,age,sibsp,parch,ticket,fare,cabin,embarked,boat,home.dest
1273,3,"Vander Planke, Miss. Augusta Maria",female,18.0,2,0,345764,18.0,,S,,
900,3,"Johnston, Master. William Arthur ""Willie""",male,,1,2,W./C. 6607,23.45,,S,,
410,2,"Frost, Mr. Anthony Wood ""Archie""",male,,0,0,239854,0.0,,S,,Belfast
265,1,"Sloper, Mr. William Thompson",male,28.0,0,0,113788,35.5,A6,S,7,"New Britain, CT"
442,2,"Hickman, Mr. Leonard Mark",male,24.0,2,0,S.O.C. 14879,73.5,,S,,"West Hampstead, London / Neepawa, MB"
41,1,"Brown, Mrs. James Joseph (Margaret Tobin)",female,44.0,0,0,PC 17610,27.7208,B4,C,6,"Denver, CO"
1025,3,"Moor, Master. Meier",male,6.0,0,1,392096,12.475,E121,S,14,
761,3,"de Pelsmaeker, Mr. Alfons",male,16.0,0,0,345778,9.5,,S,,
821,3,"Goldsmith, Mr. Frank John",male,33.0,1,1,363291,20.525,,S,,"Strood, Kent, England Detroit, MI"
423,2,"Gillespie, Mr. William Henry",male,34.0,0,0,12233,13.0,,S,,"Vancouver, BC"
157,1,"Hilliard, Mr. Herbert Henry",male,,0,0,17463,51.8625,E46,S,,"Brighton, MA"
440,2,"Herman, Mrs. Samuel (Jane Laver)",female,48.0,1,2,220845,65.0,,S,9,"Somerset / Bernardsville, NJ"
104,1,"Eustis, Miss. Elizabeth Mussey",female,54.0,1,0,36947,78.2667,D20,C,4,"Brookline, MA"
711,3,"Carver, Mr. Alfred John",male,28.0,0,0,392095,7.25,,S,,"St Denys, Southampton, Hants"
1193,3,"Scanlan, Mr. James",male,,0,0,36209,7.725,,Q,,
1,1,"Allison, Master. Hudson Trevor",male,0.9167,1,2,113781,151.55,C22 C26,S,11,"Montreal, PQ / Chesterville, ON"
194,1,"Maguire, Mr. John Edward",male,30.0,0,0,110469,26.0,C106,S,,"Brockton, MA"
911,3,"Kalvik, Mr. Johannes Halvorsen",male,21.0,0,0,8475,8.4333,,S,,
854,3,"Hart, Mr. Henry",male,,0,0,394140,6.8583,,Q,,
582,2,"Watt, Miss. Bertha J",female,12.0,0,0,C.A. 33595,15.75,,S,9,"Aberdeen / Portland, OR"
229,1,"Penasco y Castellana, Mrs. Victor de Satode (Maria Josefa Perez de Soto y Vallejo)",female,17.0,1,0,PC 17758,108.9,C65,C,8,"Madrid, Spain"
207,1,"Minahan, Miss. Daisy E",female,33.0,1,0,19928,90.0,C78,Q,14,"Green Bay, WI"
586,2,"Weisz, Mrs. Leopold (Mathilde Francoise Pede)",female,29.0,1,0,228414,26.0,,S,10,"Bromsgrove, England / Montreal, PQ"
1229,3,"Strilic, Mr. Ivan",male,27.0,0,0,315083,8.6625,,S,,
983,3,"MacKay, Mr. George William",male,,0,0,C.A. 42795,7.55,,S,,
748,3,"Danbom, Mr. Ernst Gilbert",male,34.0,1,1,347080,14.4,,S,,"Stanton, IA"
1286,3,"Whabee, Mrs. George Joseph (Shawneene Abi-Saab)",female,38.0,0,0,2688,7.2292,,C,C,
857,3,"Hedman, Mr. Oskar Arvid",male,27.0,0,0,347089,6.975,,S,15,
947,3,"Landergren, Miss. Aurora Adelia",female,22.0,0,0,C 7077,7.25,,S,13,
847,3,"Hanna, Mr. Mansour",male,23.5,0,0,2693,7.2292,,C,,
622,3,"Andersson, Master. Sigvard Harald Elias",male,4.0,4,2,347082,31.275,,S,,"Sweden Winnipeg, MN"
326,2,"Andrew, Mr. Edgardo Samuel",male,18.0,0,0,231945,11.5,,S,,"Buenos Aires, Argentina / New Jersey, NJ"
1101,3,"Panula, Master. Eino Viljami",male,1.0,4,1,3101295,39.6875,,S,,
975,3,"Lobb, Mrs. William Arthur (Cordelia K Stanlick)",female,26.0,1,0,A/5. 3336,16.1,,S,,
1239,3,"Theobald, Mr. Thomas Leonard",male,34.0,0,0,363294,8.05,,S,,
145,1,"Harper, Mr. Henry Sleeper",male,48.0,1,0,PC 17572,76.7292,D33,C,3,"New York, NY"
275,1,"Spedden, Mrs. Frederic Oakley (Margaretta Corning Stone)",female,40.0,1,1,16966,134.5,E34,C,3,"Tuxedo Park, NY"
1034,3,"Moubarek, Master. Gerios",male,,1,1,2661,15.2458,,C,C,
700,3,"Calic, Mr. Jovo",male,17.0,0,0,315093,8.6625,,S,,
736,3,"Coxon, Mr. Daniel",male,59.0,0,0,364500,7.25,,S,,"Merrill, WI"
832,3,"Goodwin, Mrs. Frederick (Augusta Tyler)",female,43.0,1,6,CA 2144,46.9,,S,,"Wiltshire, England Niagara Falls, NY"
550,2,"Richards, Mrs. Sidney (Emily Hocking)",female,24.0,2,3,29106,18.75,,S,4,"Cornwall / Akron, OH"
741,3,"Daher, Mr. Shedid",male,22.5,0,0,2698,7.225,,C,,
702,3,"Canavan, Miss. Mary",female,21.0,0,0,364846,7.75,,Q,,
709,3,"Carr, Miss. Helen ""Ellen""",female,16.0,0,0,367231,7.75,,Q,16,"Co Longford, Ireland New York, NY"
421,2,"Giles, Mr. Ralph",male,24.0,0,0,248726,13.5,,S,,"West Kensington, London"
723,3,"Conlon, Mr. Thomas Henry",male,31.0,0,0,21332,7.7333,,Q,,"Philadelphia, PA"
809,3,"Ford, Mr. Edward Watson",male,18.0,2,2,W./C. 6608,34.375,,S,,"Rotherfield, Sussex, England Essex Co, MA"
982,3,"Lyntakoff, Mr. Stanko",male,,0,0,349235,7.8958,,S,,
954,3,"Lefebre, Master. Henry Forbes",male,,3,1,4133,25.4667,,S,,
119,1,"Frauenthal, Dr. Henry William",male,50.0,2,0,PC 17611,133.65,,S,5,"New York, NY"
198,1,"Marvin, Mrs. Daniel Warner (Mary Graham Carmichael Farquarson)",female,18.0,1,0,113773,53.1,D30,S,10,"New York, NY"
216,1,"Newsom, Miss. Helen Monypeny",female,19.0,0,2,11752,26.2833,D47,S,5,"New York, NY"
842,3,"Hagland, Mr. Ingvald Olai Olsen",male,,1,0,65303,19.9667,,S,,
249,1,"Ryerson, Master. John Borie",male,13.0,2,2,PC 17608,262.375,B57 B59 B63 B66,C,4,"Haverford, PA / Cooperstown, NY"
795,3,"Emir, Mr. Farred Chehab",male,,0,0,2631,7.225,,C,,
976,3,"Lockyer, Mr. Edward",male,,0,0,1222,7.8792,,S,,
859,3,"Hegarty, Miss. Hanora ""Nora""",female,18.0,0,0,365226,6.75,,Q,,
1291,3,"Willer, Mr. Aaron (""Abi Weller"")",male,,0,0,3410,8.7125,,S,,
534,2,"Phillips, Miss. Kate Florence (""Mrs Kate Louise Phillips Marshall"")",female,19.0,0,0,250655,26.0,,S,11,"Worcester, England"
971,3,"Linehan, Mr. Michael",male,,0,0,330971,7.8792,,Q,,
537,2,"Ponesell, Mr. Martin",male,34.0,0,0,250647,13.0,,S,,"Denmark / New York, NY"
1135,3,"Radeff, Mr. Alexander",male,,0,0,349223,7.8958,,S,,
1250,3,"Todoroff, Mr. Lalio",male,,0,0,349216,7.8958,,S,,
1063,3,"Nirva, Mr. Iisakki Antino Aijo",male,41.0,0,0,SOTON/O2 3101272,7.125,,S,,"Finland Sudbury, ON"
1225,3,"Storey, Mr. Thomas",male,60.5,0,0,3701,,,S,,
1244,3,"Thomas, Mrs. Alexander (Thamine ""Thelma"")",female,16.0,1,1,2625,8.5167,,C,14,
894,3,"Johnson, Master. Harold Theodor",male,4.0,1,1,347742,11.1333,,S,15,
93,1,"Dodge, Dr. Washington",male,53.0,1,1,33638,81.8583,A34,S,13,"San Francisco, CA"
662,3,"Badt, Mr. Mohamed",male,40.0,0,0,2623,7.225,,C,,
1293,3,"Williams, Mr. Howard Hugh ""Harry""",male,,0,0,A/5 2466,8.05,,S,,
1058,3,"Nieminen, Miss. Manta Josefina",female,29.0,0,0,3101297,7.925,,S,,
635,3,"Arnold-Franchi, Mr. Josef",male,25.0,1,0,349237,17.8,,S,,"Altdorf, Switzerland"
1150,3,"Risien, Mr. Samuel Beard",male,,0,0,364498,14.5,,S,,
189,1,"Long, Mr. Milton Clyde",male,29.0,0,0,113501,30.0,D6,S,,"Springfield, MA"
568,2,"Swane, Mr. George",male,18.5,0,0,248734,13.0,F,S,,
487,2,"Lingane, Mr. John",male,61.0,0,0,235509,12.35,,Q,,
792,3,"Elias, Mr. Tannous",male,15.0,1,1,2695,7.2292,,C,,Syria
1187,3,"Sandstrom, Miss. Beatrice Irene",female,1.0,1,1,PP 9549,16.7,G6,S,13,
210,1,"Molson, Mr. Harry Markland",male,55.0,0,0,113787,30.5,C30,S,,"Montreal, PQ"
335,2,"Bateman, Rev. Robert James",male,51.0,0,0,S.O.P. 1166,12.525,,S,,"Jacksonville, FL"
223,1,"Parr, Mr. William Henry Marsh",male,,0,0,112052,0.0,,S,,Belfast
1168,3,"Sadowitz, Mr. Harry",male,,0,0,LP 1588,7.575,,S,,
1243,3,"Thomas, Mr. Tannous",male,,0,0,2684,7.225,,C,,
817,3,"Gilinski, Mr. Eliezer",male,22.0,0,0,14973,8.05,,S,,
596,2,"Wilhelms, Mr. Charles",male,31.0,0,0,244270,13.0,,S,9,"London, England"
15,1,"Baumann, Mr. John D",male,,0,0,PC 17318,25.925,,S,,"New York, NY"
283,1,"Stewart, Mr. Albert A",male,,0,0,PC 17605,27.7208,,C,,"Gallipolis, Ohio / ? Paris / New York"
212,1,"Natsch, Mr. Charles H",male,37.0,0,1,PC 17596,29.7,C118,C,,"Brooklyn, NY"
355,2,"Buss, Miss. Kate",female,36.0,0,0,27849,13.0,,S,9,"Sittingbourne, England / San Diego, CA"
548,2,"Richards, Master. George Sibley",male,0.8333,1,1,29106,18.75,,S,4,"Cornwall / Akron, OH"
1007,3,"McGowan, Miss. Anna ""Annie""",female,15.0,0,0,330923,8.0292,,Q,,
540,2,"Quick, Miss. Phyllis May",female,2.0,1,1,26360,26.0,,S,11,"Plymouth, Devon / Detroit, MI"
367,2,"Chapman, Mr. Charles Henry",male,52.0,0,0,248731,13.5,,S,,"Bronx, NY"
205,1,"Millet, Mr. Francis Davis",male,65.0,0,0,13509,26.55,E38,S,,"East Bridgewater, MA"
58,1,"Case, Mr. Howard Brown",male,49.0,0,0,19924,26.0,,S,,"Ascot, Berkshire / Rochester, NY"
403,2,"Eitemiller, Mr. George Floyd",male,23.0,0,0,29751,13.0,,S,,"England / Detroit, MI"
79,1,"Cornell, Mrs. Robert Clifford (Malvina Helen Lamson)",female,55.0,2,0,11770,25.7,C101,S,2,"New York, NY"
386,2,"Davies, Mr. Charles Henry",male,18.0,0,0,S.O.C. 14879,73.5,,S,,"Lyndhurst, England"
1234,3,"Sutehall, Mr. Henry Jr",male,25.0,0,0,SOTON/OQ 392076,7.05,,S,,
1046,3,"Naidenoff, Mr. Penko",male,22.0,0,0,349206,7.8958,,S,,
606,3,"Abrahamsson, Mr. Abraham August Johannes",male,20.0,0,0,SOTON/O2 3101284,7.925,,S,15,"Taalintehdas, Finland Hoboken, NJ"
281,1,"Stengel, Mrs. Charles Emil Henry (Annie May Morris)",female,43.0,1,0,11778,55.4417,C116,C,5,"Newark, NJ"
865,3,"Henry, Miss. Delia",female,,0,0,382649,7.75,,Q,,
779,3,"Doyle, Miss. Elizabeth",female,24.0,0,0,368702,7.75,,Q,,"Ireland New York, NY"
462,2,"Jefferys, Mr. Clifford Thomas",male,24.0,2,0,C.A. 31029,31.5,,S,,"Guernsey / Elizabeth, NJ"
1000,3,"McCormack, Mr. Thomas Joseph",male,,0,0,367228,7.75,,Q,,
1283,3,"Warren, Mr. Charles William",male,,0,0,C.A. 49867,7.55,,S,,
614,3,"Alexander, Mr. William",male,26.0,0,0,3474,7.8875,,S,,"England Albion, NY"
924,3,"Kelly, Mr. James",male,34.5,0,0,330911,7.8292,,Q,,
211,1,"Moore, Mr. Clarence Bloomfield",male,47.0,0,0,113796,42.4,,S,,"Washington, DC"
393,2,"Denbury, Mr. Herbert",male,25.0,0,0,C.A. 31029,31.5,,S,,"Guernsey / Elizabeth, NJ"
942,3,"Lahoud, Mr. Sarkis",male,,0,0,2624,7.225,,C,,
1149,3,"Riordan, Miss. Johanna ""Hannah""",female,,0,0,334915,7.7208,,Q,13,
1259,3,"Turcin, Mr. Stjepan",male,36.0,0,0,349247,7.8958,,S,,
42,1,"Brown, Mrs. John Murray (Caroline Lane Lamson)",female,59.0,2,0,11769,51.4792,C101,S,D,"Belmont, MA"
870,3,"Honkanen, Miss. Eliina",female,27.0,0,0,STON/O2. 3101283,7.925,,S,,
908,3,"Jussila, Miss. Mari Aina",female,21.0,1,0,4137,9.825,,S,,
888,3,"Johanson, Mr. Jakob Alfred",male,34.0,0,0,3101264,6.4958,,S,,
1118,3,"Peltomaki, Mr. Nikolai Johannes",male,25.0,0,0,STON/O 2. 3101291,7.925,,S,,
1282,3,"Ware, Mr. Frederick",male,,0,0,359309,8.05,,S,,
412,2,"Fynney, Mr. Joseph J",male,35.0,0,0,239865,26.0,,S,,"Liverpool / Montreal, PQ"
63,1,"Chaffee, Mrs. Herbert Fuller (Carrie Constance Toogood)",female,47.0,1,0,W.E.P. 5734,61.175,E31,S,4,"Amenia, ND"
221,1,"Ostby, Mr. Engelhart Cornelius",male,65.0,0,1,113509,61.9792,B30,C,,"Providence, RI"
499,2,"McCrie, Mr. James Matthew",male,30.0,0,0,233478,13.0,,S,,"Sarnia, ON"
849,3,"Hansen, Mr. Henrik Juul",male,26.0,1,0,350025,7.8542,,S,,
624,3,"Andersson, Miss. Ellis Anna Maria",female,2.0,4,2,347082,31.275,,S,,"Sweden Winnipeg, MN"
959,3,"Leinonen, Mr. Antti Gustaf",male,32.0,0,0,STON/O 2. 3101292,7.925,,S,,
187,1,"Lines, Miss. Mary Conover",female,16.0,0,1,PC 17592,39.4,D28,S,9,"Paris, France"
706,3,"Caram, Mrs. Joseph (Maria Elias)",female,,1,0,2689,14.4583,,C,,"Ottawa, ON"
607,3,"Abrahim, Mrs. Joseph (Sophie Halaut Easu)",female,18.0,0,0,2657,7.2292,,C,C,"Greensburg, PA"
227,1,"Pears, Mrs. Thomas (Edith Wearne)",female,22.0,1,0,113776,66.6,C2,S,8,"Isleworth, England"
813,3,"Franklin, Mr. Charles (Charles Fardon)",male,,0,0,SOTON/O.Q. 3101314,7.25,,S,,
1062,3,"Nilsson, Mr. August Ferdinand",male,21.0,0,0,350410,7.8542,,S,,
27,1,"Bishop, Mrs. Dickinson H (Helen Walton)",female,19.0,1,0,11967,91.0792,B49,C,7,"Dowagiac, MI"
1047,3,"Najib, Miss. Adele Kiamie ""Jane""",female,15.0,0,0,2667,7.225,,C,C,
71,1,"Clark, Mr. Walter Miller",male,27.0,1,0,13508,136.7792,C89,C,,"Los Angeles, CA"
1288,3,"Wiklund, Mr. Jakob Alfred",male,18.0,1,0,3101267,6.4958,,S,,
1072,3,"O'Connell, Mr. Patrick D",male,,0,0,334912,7.7333,,Q,,
777,3,"Dorking, Mr. Edward Arthur",male,19.0,0,0,A/5. 10482,8.05,,S,B,"England Oglesby, IL"
985,3,"Madsen, Mr. Fridtjof Arne",male,24.0,0,0,C 17369,7.1417,,S,13,
45,1,"Butt, Major. Archibald Willingham",male,45.0,0,0,113050,26.55,B38,S,,"Washington, DC"
277,1,"Spencer, Mrs. William Augustus (Marie Eugenie)",female,,1,0,PC 17569,146.5208,B78,C,6,"Paris, France"
1057,3,"Nicola-Yarred, Miss. Jamila",female,14.0,1,0,2651,11.2417,,C,C,
940,3,"Kraeff, Mr. Theodor",male,,0,0,349253,7.8958,,C,,
446,2,"Hocking, Miss. Ellen ""Nellie""",female,20.0,2,1,29105,23.0,,S,4,"Cornwall / Akron, OH"
495,2,"Mangiavacchi, Mr. Serafino Emilio",male,,0,0,SC/A.3 2861,15.5792,,C,,"New York, NY"
526,2,"Pallas y Castello, Mr. Emilio",male,29.0,0,0,SC/PARIS 2147,13.8583,,C,9,"Spain / Havana, Cuba"
474,2,"Kvillner, Mr. Johan Henrik Johannesson",male,31.0,0,0,C.A. 18723,10.5,,S,,"Sweden / Arlington, NJ"
13,1,"Barber, Miss. Ellen ""Nellie""",female,26.0,0,0,19877,78.85,,S,6,
11,1,"Astor, Mrs. John Jacob (Madeleine Talmadge Force)",female,18.0,1,0,PC 17757,227.525,C62 C64,C,4,"New York, NY"
1023,3,"Mockler, Miss. Helen Mary ""Ellie""",female,,0,0,330980,7.8792,,Q,16,
34,1,"Borebank, Mr. John James",male,42.0,0,0,110489,26.55,D22,S,,"London / Winnipeg, MB"
1164,3,"Saad, Mr. Amin",male,,0,0,2671,7.2292,,C,,
1295,3,"Windelov, Mr. Einar",male,21.0,0,0,SOTON/OQ 3101317,7.25,,S,,
1015,3,"Meo, Mr. Alfonzo",male,55.5,0,0,A.5. 11206,8.05,,S,,
473,2,"Knight, Mr. Robert J",male,,0,0,239855,0.0,,S,,Belfast
368,2,"Chapman, Mr. John Henry",male,37.0,1,0,SC/AH 29037,26.0,,S,,"Cornwall / Spokane, WA"
438,2,"Herman, Miss. Kate",female,24.0,1,2,220845,65.0,,S,9,"Somerset / Bernardsville, NJ"
130,1,"Gibson, Miss. Dorothy Winifred",female,22.0,0,1,112378,59.4,,C,7,"New York, NY"
637,3,"Aronsson, Mr. Ernst Axel Algot",male,24.0,0,0,349911,7.775,,S,,"Sweden Joliet, IL"
1218,3,"Somerton, Mr. Francis William",male,30.0,0,0,A.5. 18509,8.05,,S,,
1201,3,"Sirayanian, Mr. Orsen",male,22.0,0,0,2669,7.2292,,C,,
688,3,"Braund, Mr. Lewis Richard",male,29.0,1,0,3460,7.0458,,S,,"Bridgerule, Devon"
1264,3,"van Billiard, Mr. Austin Blyler",male,40.5,0,2,A/5. 851,14.5,,S,,
1054,3,"Naughton, Miss. Hannah",female,,0,0,365237,7.75,,Q,,
195,1,"Maioni, Miss. Roberta",female,16.0,0,0,110152,86.5,B79,S,8,
693,3,"Buckley, Mr. Daniel",male,21.0,0,0,330920,7.8208,,Q,13,"Kingwilliamstown, Co Cork, Ireland New York, NY"
443,2,"Hickman, Mr. Lewis",male,32.0,2,0,S.O.C. 14879,73.5,,S,,"West Hampstead, London / Neepawa, MB"
465,2,"Jerwan, Mrs. Amin S (Marie Marthe Thuillard)",female,23.0,0,0,SC/AH Basle 541,13.7917,D,C,11,"New York, NY"
897,3,"Johnson, Mr. Malkolm Joackim",male,33.0,0,0,347062,7.775,,S,,
1043,3,"Murphy, Miss. Margaret Jane",female,,1,0,367230,15.5,,Q,16,
633,3,"Andreasson, Mr. Paul Edvin",male,20.0,0,0,347466,7.8542,,S,,"Sweden Chicago, IL"
1151,3,"Risien, Mrs. Samuel (Emma)",female,,0,0,364498,14.5,,S,,
523,2,"Oxenham, Mr. Percy Thomas",male,22.0,0,0,W./C. 14260,10.5,,S,13,"Pondersend, England / New Durham, NJ"
752,3,"Davies, Mr. Alfred J",male,24.0,2,0,A/4 48871,24.15,,S,,"West Bromwich, England Pontiac, MI"
721,3,"Coleff, Mr. Peju",male,36.0,0,0,349210,7.4958,,S,,"Bulgaria Chicago, IL"
236,1,"Ringhini, Mr. Sante",male,22.0,0,0,PC 17760,135.6333,,C,,
708,3,"Carlsson, Mr. Carl Robert",male,24.0,0,0,350409,7.8542,,S,,"Goteborg, Sweden Huntley, IL"
1303,3,"Yousseff, Mr. Gerious",male,,0,0,2627,14.4583,,C,,
592,2,"West, Mr. Edwy Arthur",male,36.0,1,2,C.A. 34651,27.75,,S,,"Bournmouth, England"
258,1,"Serepeca, Miss. Augusta",female,30.0,0,0,113798,31.0,,C,4,
558,2,"Silven, Miss. Lyyli Karoliina",female,18.0,0,2,250652,13.0,,S,16,"Finland / Minneapolis, MN"
395,2,"Doling, Miss. Elsie",female,18.0,0,1,231919,23.0,,S,,Southampton
755,3,"Davies, Mr. Joseph",male,17.0,2,0,A/4 48873,8.05,,S,,"West Bromwich, England Pontiac, MI"
981,3,"Lundstrom, Mr. Thure Edvin",male,32.0,0,0,350403,7.5792,,S,15,
295,1,"Thayer, Mr. John Borland Jr",male,17.0,0,2,17421,110.8833,C70,C,B,"Haverford, PA"
599,2,"Yrois, Miss. Henriette (""Mrs Harbeck"")",female,24.0,0,0,248747,13.0,,S,,Paris
931,3,"Kilgannon, Mr. Thomas J",male,,0,0,36865,7.7375,,Q,,
151,1,"Hassab, Mr. Hammad",male,27.0,0,0,PC 17572,76.7292,D49,C,3,
307,1,"White, Mr. Richard Frasar",male,21.0,0,1,35281,77.2875,D26,S,,"Brunswick, ME"
1030,3,"Moran, Mr. James",male,,0,0,330877,8.4583,,Q,,
17,1,"Baxter, Mrs. James (Helene DeLaudeniere Chaput)",female,50.0,0,1,PC 17558,247.5208,B58 B60,C,6,"Montreal, PQ"
362,2,"Cameron, Miss. Clear Annie",female,35.0,0,0,F.C.C. 13528,21.0,,S,14,"Mamaroneck, NY"
935,3,"Kink-Heilmann, Mr. Anton",male,29.0,3,1,315153,22.025,,S,2,
772,3,"Dika, Mr. Mirko",male,17.0,0,0,349232,7.8958,,S,,
148,1,"Harris, Mr. Henry Birkhardt",male,45.0,1,0,36973,83.475,C83,S,,"New York, NY"
262,1,"Silvey, Mr. William Baird",male,50.0,1,0,13507,55.9,E44,S,,"Duluth, MN"
774,3,"Dintcheff, Mr. Valtcho",male,43.0,0,0,349226,7.8958,,S,,
955,3,"Lefebre, Miss. Ida",female,,3,1,4133,25.4667,,S,,
322,1,"Young, Miss. Marie Grice",female,36.0,0,0,PC 17760,135.6333,C32,C,8,"New York, NY / Washington, DC"
580,2,"Ware, Mrs. John James (Florence Louise Long)",female,31.0,0,0,CA 31352,21.0,,S,10,"Bristol, England / New Britain, CT"
707,3,"Carlsson, Mr. August Sigfrid",male,28.0,0,0,350042,7.7958,,S,,"Dagsas, Sweden Fower, MN"
6,1,"Andrews, Miss. Kornelia Theodosia",female,63.0,1,0,13502,77.9583,D7,S,10,"Hudson, NY"
413,2,"Gale, Mr. Harry",male,38.0,1,0,28664,21.0,,S,,"Cornwall / Clear Creek, CO"
134,1,"Goldenberg, Mrs. Samuel L (Edwiga Grabowska)",female,,1,0,17453,89.1042,C92,C,5,"Paris, France / New York, NY"
1305,3,"Zabour, Miss. Thamine",female,,1,0,2665,14.4542,,C,,
514,2,"Navratil, Master. Edmond Roger",male,2.0,1,1,230080,26.0,F2,S,D,"Nice, France"
987,3,"Mahon, Miss. Bridget Delia",female,,0,0,330924,7.8792,,Q,,
318,1,"Williams-Lambert, Mr. Fletcher Fellows",male,,0,0,113510,35.0,C128,S,,"London, England"
107,1,"Flegenheim, Mrs. Alfred (Antoinette)",female,,0,0,PC 17598,31.6833,,S,7,"New York, NY"
758,3,"de Messemaeker, Mr. Guillaume Joseph",male,36.5,1,0,345572,17.4,,S,15,"Tampico, MT"
214,1,"Newell, Miss. Marjorie",female,23.0,1,0,35273,113.275,D36,C,6,"Lexington, MA"
270,1,"Smith, Mrs. Lucien Philip (Mary Eloise Hughes)",female,18.0,1,0,13695,60.0,C31,S,6,"Huntington, WV"
1095,3,"O'Sullivan, Miss. Bridget Mary",female,,0,0,330909,7.6292,,Q,,
301,1,"Walker, Mr. William Anderson",male,47.0,0,0,36967,34.0208,D46,S,,"East Orange, NJ"
46,1,"Cairns, Mr. Alexander",male,,0,0,113798,31.0,,S,,
654,3,"Baccos, Mr. Raffull",male,20.0,0,0,2679,7.225,,C,,
926,3,"Kennedy, Mr. John",male,,0,0,368783,7.75,,Q,,
455,2,"Howard, Mr. Benjamin",male,63.0,1,0,24065,26.0,,S,,"Swindon, England"
1182,3,"Salkjelsvik, Miss. Anna Kristine",female,21.0,0,0,343120,7.65,,S,C,
1027,3,"Moore, Mr. Leonard Charles",male,,0,0,A4. 54510,8.05,,S,,
945,3,"Lam, Mr. Ali",male,,0,0,1601,56.4958,,S,C,
370,2,"Christy, Miss. Julie Rachel",female,25.0,1,1,237789,30.0,,S,12,London
1247,3,"Thorneycroft, Mrs. Percival (Florence Kate White)",female,,1,0,376564,16.1,,S,10,
545,2,"Renouf, Mrs. Peter Henry (Lillian Jefferys)",female,30.0,3,0,31027,21.0,,S,,"Elizabeth, NJ"
884,3,"Jensen, Mr. Niels Peder",male,48.0,0,0,350047,7.8542,,S,,
379,2,"Collyer, Mrs. Harvey (Charlotte Annie Tate)",female,31.0,1,1,C.A. 31921,26.25,,S,14,"Bishopstoke, Hants / Fayette Valley, ID"
950,3,"Larsson, Mr. August Viktor",male,29.0,0,0,7545,9.4833,,S,,
68,1,"Chevre, Mr. Paul Romaine",male,45.0,0,0,PC 17594,29.7,A9,C,7,"Paris, France"
90,1,"Davidson, Mrs. Thornton (Orian Hays)",female,27.0,1,2,F.C. 12750,52.0,B71,S,3,"Montreal, PQ"
576,2,"Veal, Mr. James",male,40.0,0,0,28221,13.0,,S,,"Barre, Co Washington, VT"
297,1,"Thorne, Mrs. Gertrude Maybelle",female,,0,0,PC 17585,79.2,,C,D,"New York, NY"
528,2,"Parkes, Mr. Francis ""Frank""",male,,0,0,239853,0.0,,S,,Belfast
520,2,"Nourney, Mr. Alfred (""Baron von Drachstedt"")",male,20.0,0,0,SC/PARIS 2166,13.8625,D38,C,7,"Cologne, Germany"
1277,3,"Vartanian, Mr. David",male,22.0,0,0,2658,7.225,,C,13 15,
360,2,"Caldwell, Mr. Albert Francis",male,26.0,1,1,248738,29.0,,S,13,"Bangkok, Thailand / Roseville, IL"
1049,3,"Nakid, Mr. Sahid",male,20.0,1,1,2653,15.7417,,C,C,
510,2,"Mudd, Mr. Thomas Charles",male,16.0,0,0,S.O./P.P. 3,10.5,,S,,"Halesworth, England"
638,3,"Asim, Mr. Adola",male,35.0,0,0,SOTON/O.Q. 3101310,7.05,,S,,
763,3,"Dean, Miss. Elizabeth Gladys ""Millvina""",female,0.1667,1,2,C.A. 2315,20.575,,S,10,"Devon, England Wichita, KS"
661,3,"Badman, Miss. Emily Louisa",female,18.0,0,0,A/4 31416,8.05,,S,C,"London Skanteales, NY"
102,1,"Earnshaw, Mrs. Boulton (Olive Potter)",female,23.0,0,1,11767,83.1583,C54,C,7,"Mt Airy, Philadelphia, PA"
807,3,"Ford, Miss. Robina Maggie ""Ruby""",female,9.0,2,2,W./C. 6608,34.375,,S,,"Rotherfield, Sussex, England Essex Co, MA"
147,1,"Harrington, Mr. Charles H",male,,0,0,113796,42.4,,S,,
851,3,"Hansen, Mrs. Claus Peter (Jennie L Howard)",female,45.0,1,0,350026,14.1083,,S,11,
72,1,"Clark, Mrs. Walter Miller (Virginia McDowell)",female,26.0,1,0,13508,136.7792,C89,C,4,"Los Angeles, CA"
170,1,"Ismay, Mr. Joseph Bruce",male,49.0,0,0,112058,0.0,B52 B54 B56,S,C,Liverpool
434,2,"Hart, Miss. Eva Miriam",female,7.0,0,2,F.C.C. 13529,26.25,,S,14,"Ilford, Essex / Winnipeg, MB"
309,1,"Wick, Miss. Mary Natalie",female,31.0,0,2,36928,164.8667,C7,S,8,"Youngstown, OH"
699,3,"Cacic, Mr. Luka",male,38.0,0,0,315089,8.6625,,S,,Croatia
786,3,"Edvardsson, Mr. Gustaf Hjalmar",male,18.0,0,0,349912,7.775,,S,,"Tofta, Sweden Joliet, IL"
962,3,"Lennon, Mr. Denis",male,,1,0,370371,15.5,,Q,,
544,2,"Renouf, Mr. Peter Henry",male,34.0,1,0,31027,21.0,,S,12,"Elizabeth, NJ"
158,1,"Hipkins, Mr. William Edward",male,55.0,0,0,680,50.0,C39,S,,London / Birmingham
1215,3,"Smith, Mr. Thomas",male,,0,0,384461,7.75,,Q,,
232,1,"Porter, Mr. Walter Chamberlain",male,47.0,0,0,110465,52.0,C110,S,,"Worcester, MA"
251,1,"Ryerson, Miss. Susan Parker ""Suzette""",female,21.0,2,2,PC 17608,262.375,B57 B59 B63 B66,C,4,"Haverford, PA / Cooperstown, NY"
441,2,"Hewlett, Mrs. (Mary D Kingcome) ",female,55.0,0,0,248706,16.0,,S,13,"India / Rapid City, SD"
279,1,"Stead, Mr. William Thomas",male,62.0,0,0,113514,26.55,C87,S,,"Wimbledon Park, London / Hayling Island, Hants"
835,3,"Guest, Mr. Robert",male,,0,0,376563,8.05,,S,,
1026,3,"Moor, Mrs. (Beila)",female,27.0,0,1,392096,12.475,E121,S,14,
493,2,"Mallet, Mr. Albert",male,31.0,1,1,S.C./PARIS 2079,37.0042,,C,,"Paris / Montreal, PQ"
356,2,"Butler, Mr. Reginald Fenton",male,25.0,0,0,234686,13.0,,S,,"Southsea, Hants"
653,3,"Ayoub, Miss. Banoura",female,13.0,0,0,2687,7.2292,,C,C,"Syria Youngstown, OH"
829,3,"Goodwin, Miss. Lillian Amy",female,16.0,5,2,CA 2144,46.9,,S,,"Wiltshire, England Niagara Falls, NY"
845,3,"Hakkarainen, Mrs. Pekka Pietari (Elin Matilda Dolck)",female,24.0,1,0,STON/O2. 3101279,15.85,,S,15,
436,2,"Hart, Mrs. Benjamin (Esther Ada Bloomfield)",female,45.0,1,1,F.C.C. 13529,26.25,,S,14,"Ilford, Essex / Winnipeg, MB"
948,3,"Lane, Mr. Patrick",male,,0,0,7935,7.75,,Q,,
651,3,"Attalah, Mr. Sleiman",male,30.0,0,0,2694,7.225,,C,,"Ottawa, ON"
833,3,"Green, Mr. George Henry",male,51.0,0,0,21440,8.05,,S,,"Dorking, Surrey, England"
1141,3,"Rice, Master. Albert",male,10.0,4,1,382652,29.125,,Q,,
1131,3,"Pickard, Mr. Berk (Berk Trembisky)",male,32.0,0,0,SOTON/O.Q. 392078,8.05,E10,S,9,
482,2,"Lehmann, Miss. Bertha",female,17.0,0,0,SC 1748,12.0,,C,12,"Berne, Switzerland / Central City, IA"
644,3,"Asplund, Mr. Carl Oscar Vilhelm Gustafsson",male,40.0,1,5,347077,31.3875,,S,,"Sweden  Worcester, MA"
905,3,"Jonsson, Mr. Carl",male,32.0,0,0,350417,7.8542,,S,15,
923,3,"Kelly, Miss. Mary",female,,0,0,14312,7.75,,Q,D,
192,1,"Lurette, Miss. Elise",female,58.0,0,0,PC 17569,146.5208,B80,C,,
559,2,"Sincock, Miss. Maude",female,20.0,0,0,C.A. 33112,36.75,,S,11,"Cornwall / Hancock, MI"
303,1,"Warren, Mr. Frank Manley",male,64.0,1,0,110813,75.25,D37,C,,"Portland, OR"
1109,3,"Paulner, Mr. Uscher",male,,0,0,3411,8.7125,,C,,
704,3,"Cann, Mr. Ernest Charles",male,21.0,0,0,A./5. 2152,8.05,,S,,
73,1,"Cleaver, Miss. Alice",female,22.0,0,0,113781,151.55,,S,11,
278,1,"Stahelin-Maeglin, Dr. Max",male,32.0,0,0,13214,30.5,B50,C,3,"Basel, Switzerland"
1263,3,"van Billiard, Master. Walter John",male,11.5,1,1,A/5. 851,14.5,,S,,
150,1,"Harrison, Mr. William",male,40.0,0,0,112059,0.0,B94,S,,
1152,3,"Robins, Mr. Alexander A",male,50.0,1,0,A/5. 3337,14.5,,S,,
1267,3,"Van Impe, Mrs. Jean Baptiste (Rosalie Paula Govaert)",female,30.0,1,1,345773,24.15,,S,,
608,3,"Adahl, Mr. Mauritz Nils Martin",male,30.0,0,0,C 7076,7.25,,S,,"Asarum, Sweden Brooklyn, NY"
24,1,"Bird, Miss. Ellen",female,29.0,0,0,PC 17483,221.7792,C97,S,8,
182,1,"LeRoy, Miss. Bertha",female,30.0,0,0,PC 17761,106.425,,C,2,
516,2,"Navratil, Mr. Michel (""Louis M Hoffman"")",male,36.5,0,2,230080,26.0,F2,S,,"Nice, France"
891,3,"Johansson, Mr. Gustaf Joel",male,33.0,0,0,7540,8.6542,,S,,
43,1,"Bucknell, Mrs. William Robert (Emma Eliza Ward)",female,60.0,0,0,11813,76.2917,D15,C,8,"Philadelphia, PA"
321,1,"Wright, Mr. George",male,62.0,0,0,113807,26.55,,S,,"Halifax, NS"
115,1,"Fortune, Mr. Mark",male,64.0,1,4,19950,263.0,C23 C25 C27,S,,"Winnipeg, MB"
879,3,"Ivanoff, Mr. Kanio",male,,0,0,349201,7.8958,,S,,
722,3,"Coleff, Mr. Satio",male,24.0,0,0,349209,7.4958,,S,,
1050,3,"Nakid, Mrs. Said (Waika ""Mary"" Mowad)",female,19.0,1,1,2653,15.7417,,C,C,
372,2,"Clarke, Mr. Charles Valentine",male,29.0,1,0,2003,26.0,,S,,"England / San Francisco, CA"
392,2,"del Carlo, Mrs. Sebastiano (Argenia Genovesi)",female,24.0,1,0,SC/PARIS 2167,27.7208,,C,12,"Lucca, Italy / California"
1022,3,"Mitkoff, Mr. Mito",male,,0,0,349221,7.8958,,S,,
640,3,"Asplund, Master. Clarence Gustaf Hugo",male,9.0,4,2,347077,31.3875,,S,,"Sweden Worcester, MA"
1077,3,"O'Driscoll, Miss. Bridget",female,,0,0,14311,7.75,,Q,D,
663,3,"Balkic, Mr. Cerin",male,26.0,0,0,349248,7.8958,,S,,
713,3,"Charters, Mr. David",male,21.0,0,0,A/5. 13032,7.7333,,Q,,"Ireland New York, NY"
57,1,"Carter, Mrs. William Ernest (Lucile Polk)",female,36.0,1,2,113760,120.0,B96 B98,S,4,"Bryn Mawr, PA"
1178,3,"Sage, Mr. George John Jr",male,,8,2,CA. 2343,69.55,,S,,
1238,3,"Tenglin, Mr. Gunnar Isidor",male,25.0,0,0,350033,7.7958,,S,13 15,
1223,3,"Stanley, Miss. Amy Zillah Elsie",female,23.0,0,0,CA. 2314,7.55,,S,C,
912,3,"Karaic, Mr. Milan",male,30.0,0,0,349246,7.8958,,S,,
1185,3,"Samaan, Mr. Hanna",male,,2,0,2662,21.6792,,C,,
402,2,"Duran y More, Miss. Florentina",female,30.0,1,0,SC/PARIS 2148,13.8583,,C,12,"Barcelona, Spain / Havana, Cuba"
29,1,"Bjornstrom-Steffansson, Mr. Mauritz Hakan",male,28.0,0,0,110564,26.55,C52,S,D,"Stockholm, Sweden / Washington, DC"
803,3,"Foley, Mr. Joseph",male,26.0,0,0,330910,7.8792,,Q,,"Ireland Chicago, IL"
137,1,"Graham, Miss. Margaret Edith",female,19.0,0,0,112053,30.0,B42,S,3,"Greenwich, CT"
734,3,"Coutts, Master. William Loch ""William""",male,3.0,1,1,C.A. 37671,15.9,,S,2,"England Brooklyn, NY"
311,1,"Wick, Mrs. George Dennick (Mary Hitchcock)",female,45.0,1,1,36928,164.8667,,S,8,"Youngstown, OH"
351,2,"Brown, Mr. Thomas William Solomon",male,60.0,1,1,29750,39.0,,S,,"Cape Town, South Africa / Seattle, WA"
264,1,"Simonius-Blumer, Col. Oberst Alfons",male,56.0,0,0,13213,35.5,A26,C,3,"Basel, Switzerland"
860,3,"Heikkinen, Miss. Laina",female,26.0,0,0,STON/O2. 3101282,7.925,,S,,
387,2,"Davies, Mrs. John Morgan (Elizabeth Agnes Mary White) ",female,48.0,0,2,C.A. 33112,36.75,,S,14,"St Ives, Cornwall / Hancock, MI"
828,3,"Goodwin, Miss. Jessie Allis",female,10.0,5,2,CA 2144,46.9,,S,,"Wiltshire, England Niagara Falls, NY"
215,1,"Newell, Mr. Arthur Webster",male,58.0,0,2,35273,113.275,D48,C,,"Lexington, MA"
244,1,"Ross, Mr. John Hugo",male,36.0,0,0,13049,40.125,A10,C,,"Winnipeg, MB"
26,1,"Bishop, Mr. Dickinson H",male,25.0,1,0,11967,91.0792,B49,C,7,"Dowagiac, MI"
625,3,"Andersson, Miss. Erna Alexandra",female,17.0,4,2,3101281,7.925,,S,D,"Ruotsinphyhtaa, Finland New York, NY"
549,2,"Richards, Master. William Rowe",male,3.0,1,1,29106,18.75,,S,4,"Cornwall / Akron, OH"
1061,3,"Nilsson, Miss. Helmina Josefina",female,26.0,0,0,347470,7.8542,,S,13,
67,1,"Cherry, Miss. Gladys",female,30.0,0,0,110152,86.5,B77,S,8,"London, England"
1033,3,"Moss, Mr. Albert Johan",male,,0,0,312991,7.775,,S,B,
671,3,"Berglund, Mr. Karl Ivar Sven",male,22.0,0,0,PP 4348,9.35,,S,,"Tranvik, Finland New York"
349,2,"Brown, Miss. Amelia ""Mildred""",female,24.0,0,0,248733,13.0,F33,S,11,"London / Montreal, PQ"
604,3,"Abelseth, Miss. Karen Marie",female,16.0,0,0,348125,7.65,,S,16,"Norway Los Angeles, CA"
248,1,"Rowe, Mr. Alfred G",male,33.0,0,0,113790,26.55,,S,,London
768,3,"Denkoff, Mr. Mitto",male,,0,0,349225,7.8958,,S,,"Bulgaria Coon Rapids, IA"
885,3,"Jensen, Mr. Svend Lauritz",male,17.0,1,0,350048,7.0542,,S,,
1170,3,"Sage, Master. Thomas Henry",male,,8,2,CA. 2343,69.55,,S,,
621,3,"Andersen-Jensen, Miss. Carla Christine Nielsine",female,19.0,1,0,350046,7.8542,,S,16,
32,1,"Bonnell, Miss. Caroline",female,30.0,0,0,36928,164.8667,C7,S,8,"Youngstown, OH"
449,2,"Hocking, Mrs. Elizabeth (Eliza Needs)",female,54.0,1,3,29105,23.0,,S,4,"Cornwall / Akron, OH"
400,2,"Drew, Mrs. James Vivian (Lulu Thorne Christian)",female,34.0,1,1,28220,32.5,,S,10,"Greenport, NY"
450,2,"Hodges, Mr. Henry Price",male,50.0,0,0,250643,13.0,,S,,Southampton
1134,3,"Pokrnic, Mr. Tome",male,24.0,0,0,315092,8.6625,,S,,
609,3,"Adams, Mr. John",male,26.0,0,0,341826,8.05,,S,,"Bournemouth, England"
1089,3,"Olsvigen, Mr. Thor Anderson",male,20.0,0,0,6563,9.225,,S,,"Oslo, Norway Cameron, WI"
822,3,"Goldsmith, Mr. Nathan",male,41.0,0,0,SOTON/O.Q. 3101263,7.85,,S,,"Philadelphia, PA"
415,2,"Garside, Miss. Ethel",female,34.0,0,0,243880,13.0,,S,12,"Brooklyn, NY"
28,1,"Bissette, Miss. Amelia",female,35.0,0,0,PC 17760,135.6333,C99,S,8,
1139,3,"Rekic, Mr. Tido",male,38.0,0,0,349249,7.8958,,S,,
629,3,"Andersson, Mr. Anders Johan",male,39.0,1,5,347082,31.275,,S,,"Sweden Winnipeg, MN"
660,3,"Baclini, Mrs. Solomon (Latifa Qurban)",female,24.0,0,3,2666,19.2583,,C,C,"Syria New York, NY"
196,1,"Marechal, Mr. Pierre",male,,0,0,11774,29.7,C47,C,7,"Paris, France"
7,1,"Andrews, Mr. Thomas Jr",male,39.0,0,0,112050,0.0,A36,S,,"Belfast, NI"
129,1,"Geiger, Miss. Amalie",female,35.0,0,0,113503,211.5,C130,C,4,
389,2,"de Brito, Mr. Jose Joaquim",male,32.0,0,0,244360,13.0,,S,,"Portugal / Sau Paulo, Brazil"
512,2,"Nasser, Mr. Nicholas",male,32.5,1,0,237736,30.0708,,C,,"New York, NY"
913,3,"Karlsson, Mr. Einar Gervasius",male,21.0,0,0,350053,7.7958,,S,13,
340,2,"Becker, Miss. Marion Louise",female,4.0,2,1,230136,39.0,F4,S,11,"Guntur, India / Benton Harbour, MI"
861,3,"Heininen, Miss. Wendla Maria",female,23.0,0,0,STON/O2. 3101290,7.925,,S,,
801,3,"Flynn, Mr. James",male,,0,0,364851,7.75,,Q,,
394,2,"Dibden, Mr. William",male,18.0,0,0,S.O.C. 14879,73.5,,S,,"New Forest, England"
252,1,"Ryerson, Mr. Arthur Larned",male,61.0,1,3,PC 17608,262.375,B57 B59 B63 B66,C,,"Haverford, PA / Cooperstown, NY"
3,1,"Allison, Mr. Hudson Joshua Creighton",male,30.0,1,2,113781,151.55,C22 C26,S,,"Montreal, PQ / Chesterville, ON"
585,2,"Weisz, Mr. Leopold",male,27.0,1,0,228414,26.0,,S,,"Bromsgrove, England / Montreal, PQ"
25,1,"Birnbaum, Mr. Jakob",male,25.0,0,0,13905,26.0,,C,,"San Francisco, CA"
1253,3,"Torfa, Mr. Assad",male,,0,0,2673,7.2292,,C,,
159,1,"Hippach, Miss. Jean Gertrude",female,16.0,0,1,111361,57.9792,B18,C,4,"Chicago, IL"
357,2,"Byles, Rev. Thomas Roussel Davids",male,42.0,0,0,244310,13.0,,S,,London
789,3,"Elias, Mr. Dibo",male,,0,0,2674,7.225,,C,,
727,3,"Connors, Mr. Patrick",male,70.5,0,0,370369,7.75,,Q,,
615,3,"Alhomaki, Mr. Ilmari Rudolf",male,20.0,0,0,SOTON/O2 3101287,7.925,,S,,"Salo, Finland Astoria, OR"
816,3,"Gheorgheff, Mr. Stanio",male,,0,0,349254,7.8958,,C,,
120,1,"Frauenthal, Mr. Isaac Gerald",male,43.0,1,0,17765,27.7208,D40,C,5,"New York, NY"
893,3,"Johansson, Mr. Nils",male,29.0,0,0,347467,7.8542,,S,,
282,1,"Stephenson, Mrs. Walter Bertram (Martha Eustis)",female,52.0,1,0,36947,78.2667,D20,C,4,"Haverford, PA"
577,2,"Walcroft, Miss. Nellie",female,31.0,0,0,F.C.C. 13528,21.0,,S,14,"Mamaroneck, NY"
316,1,"Williams, Mr. Charles Duane",male,51.0,0,1,PC 17597,61.3792,,C,,"Geneva, Switzerland / Radnor, PA"
538,2,"Portaluppi, Mr. Emilio Ilario Giuseppe",male,30.0,0,0,C.A. 34644,12.7375,,C,14,"Milford, NH"
645,3,"Asplund, Mr. Johan Charles",male,23.0,0,0,350054,7.7958,,S,13,"Oskarshamn, Sweden Minneapolis, MN"
680,3,"Boulos, Mr. Hanna",male,,0,0,2664,7.225,,C,,Syria
1220,3,"Spinner, Mr. Henry John",male,32.0,0,0,STON/OQ. 369943,8.05,,S,,
1020,3,"Minkoff, Mr. Lazar",male,21.0,0,0,349211,7.8958,,S,,
1123,3,"Peter, Mrs. Catherine (Catherine Rizk)",female,,0,2,2668,22.3583,,C,D,
506,2,"Mitchell, Mr. Henry Michael",male,70.0,0,0,C.A. 24580,10.5,,S,,"Guernsey / Montclair, NJ and/or Toledo, Ohio"
20,1,"Beckwith, Mr. Richard Leonard",male,37.0,1,1,11751,52.5542,D35,S,5,"New York, NY"
503,2,"Mellors, Mr. William John",male,19.0,0,0,SW/PP 751,10.5,,S,B,"Chelsea, London"
1302,3,"Yousif, Mr. Wazli",male,,0,0,2647,7.225,,C,,
1019,3,"Mineff, Mr. Ivan",male,24.0,0,0,349233,7.8958,,S,,
797,3,"Farrell, Mr. James",male,40.5,0,0,367232,7.75,,Q,,"Aughnacliff, Co Longford, Ireland New York, NY"
422,2,"Gill, Mr. John William",male,24.0,0,0,233866,13.0,,S,,"Clevedon, England"
226,1,"Pears, Mr. Thomas Clinton",male,29.0,1,0,113776,66.6,C2,S,,"Isleworth, England"
10,1,"Astor, Col. John Jacob",male,47.0,1,0,PC 17757,227.525,C62 C64,C,,"New York, NY"
937,3,"Klasen, Miss. Gertrud Emilia",female,1.0,1,1,350405,12.1833,,S,,
581,2,"Watson, Mr. Ennis Hastings",male,,0,0,239856,0.0,,S,,Belfast
409,2,"Fox, Mr. Stanley Hubert",male,36.0,0,0,229236,13.0,,S,,"Rochester, NY"
433,2,"Harris, Mr. Walter",male,30.0,0,0,W/C 14208,10.5,,S,,"Walthamstow, England"
238,1,"Robert, Mrs. Edward Scott (Elisabeth Walton McMillan)",female,43.0,0,1,24160,211.3375,B3,S,2,"St Louis, MO"
373,2,"Clarke, Mrs. Charles V (Ada Maria Winfield)",female,28.0,1,0,2003,26.0,,S,14,"England / San Francisco, CA"
411,2,"Funk, Miss. Annie Clemmer",female,38.0,0,0,237671,13.0,,S,,"Janjgir, India / Pennsylvania"
1173,3,"Sage, Miss. Constance Gladys",female,,8,2,CA. 2343,69.55,,S,,
97,1,"Douglas, Mrs. Frederick Charles (Mary Helene Baxter)",female,27.0,1,1,PC 17558,247.5208,B58 B60,C,6,"Montreal, PQ"
457,2,"Hunt, Mr. George Henry",male,33.0,0,0,SCO/W 1585,12.275,,S,,"Philadelphia, PA"
593,2,"West, Mrs. Edwy Arthur (Ada Mary Worth)",female,33.0,1,2,C.A. 34651,27.75,,S,10,"Bournmouth, England"
756,3,"Davison, Mr. Thomas Henry",male,,1,0,386525,16.1,,S,,"Liverpool, England Bedford, OH"
532,2,"Peruschitz, Rev. Joseph Maria",male,41.0,0,0,237393,13.0,,S,,
1125,3,"Petersen, Mr. Marius",male,24.0,0,0,342441,8.05,,S,,
1087,3,"Olsson, Mr. Nils Johan Goransson",male,28.0,0,0,347464,7.8542,,S,,
468,2,"Karnes, Mrs. J Frank (Claire Bennett)",female,22.0,0,0,F.C.C. 13534,21.0,,S,,"India / Pittsburgh, PA"
620,3,"Andersen, Mr. Albert Karvin",male,32.0,0,0,C 4001,22.525,,S,,"Bergen, Norway"
406,2,"Faunthorpe, Mr. Harry",male,40.0,1,0,2926,26.0,,S,,"England / Philadelphia, PA"
1145,3,"Rice, Master. George Hugh",male,8.0,4,1,382652,29.125,,Q,,
852,3,"Harknett, Miss. Alice Phoebe",female,,0,0,W./C. 6609,7.55,,S,,
1082,3,"Olsen, Master. Artur Karl",male,9.0,0,1,C 17368,3.1708,,S,13,
1024,3,"Moen, Mr. Sigurd Hansen",male,25.0,0,0,348123,7.65,F G73,S,,
805,3,"Foo, Mr. Choong",male,,0,0,1601,56.4958,,S,13,"Hong Kong New York, NY"
1071,3,"O'Brien, Mrs. Thomas (Johanna ""Hannah"" Godfrey)",female,,1,0,370365,15.5,,Q,,
375,2,"Collander, Mr. Erik Gustaf",male,28.0,0,0,248740,13.0,,S,,"Helsinki, Finland Ashtabula, Ohio"
460,2,"Jacobsohn, Mrs. Sidney Samuel (Amy Frances Christy)",female,24.0,2,1,243847,27.0,,S,12,London
261,1,"Silverthorne, Mr. Spencer Victor",male,35.0,0,0,PC 17475,26.2875,E24,S,5,"St Louis, MO"
682,3,"Bourke, Miss. Mary",female,,0,2,364848,7.75,,Q,,"Ireland Chicago, IL"
171,1,"Jones, Mr. Charles Cresson",male,46.0,0,0,694,26.0,,S,,"Bennington, VT"
600,3,"Abbing, Mr. Anthony",male,42.0,0,0,C.A. 5547,7.55,,S,,
1179,3,"Sage, Mr. John George",male,,1,9,CA. 2343,69.55,,S,,
1268,3,"van Melkebeke, Mr. Philemon",male,,0,0,345777,9.5,,S,,
858,3,"Hee, Mr. Ling",male,,0,0,1601,56.4958,,S,C,
458,2,"Ilett, Miss. Bertha",female,17.0,0,0,SO/C 14885,10.5,,S,,Guernsey
99,1,"Duff Gordon, Lady. (Lucille Christiana Sutherland) (""Mrs Morgan"")",female,48.0,1,0,11755,39.6,A16,C,1,London / Paris
1117,3,"Pekoniemi, Mr. Edvard",male,21.0,0,0,STON/O 2. 3101294,7.925,,S,,
1136,3,"Rasmussen, Mrs. (Lena Jacobsen Solvang)",female,,0,0,65305,8.1125,,S,,
619,3,"Allum, Mr. Owen George",male,18.0,0,0,2223,8.3,,S,,"Windsor, England New York, NY"
1171,3,"Sage, Master. William Henry",male,14.5,8,2,CA. 2343,69.55,,S,,
837,3,"Gustafsson, Mr. Anders Vilhelm",male,37.0,2,0,3101276,7.925,,S,,"Ruotsinphytaa, Finland New York, NY"
941,3,"Krekorian, Mr. Neshan",male,25.0,0,0,2654,7.2292,F E57,C,10,
575,2,"Turpin, Mrs. William John Robert (Dorothy Ann Wonnacott)",female,27.0,1,0,11668,21.0,,S,,"Plymouth, England"
1236,3,"Svensson, Mr. Johan Cervin",male,14.0,0,0,7538,9.225,,S,13,
199,1,"Mayne, Mlle. Berthe Antonine (""Mrs de Villiers"")",female,24.0,0,0,PC 17482,49.5042,C90,C,6,"Belgium  Montreal, PQ"
698,3,"Cacic, Mr. Jego Grga",male,18.0,0,0,315091,8.6625,,S,,
655,3,"Backstrom, Mr. Karl Alfred",male,32.0,1,0,3101278,15.85,,S,D,"Ruotsinphytaa, Finland New York, NY"
569,2,"Sweet, Mr. George Frederick",male,14.0,0,0,220845,65.0,,S,,"Somerset / Bernardsville, NJ"
1242,3,"Thomas, Mr. John",male,,0,0,2681,6.4375,,C,,
597,2,"Williams, Mr. Charles Eugene",male,,0,0,244373,13.0,,S,14,"Harrow, England"
1080,3,"O'Keefe, Mr. Patrick",male,,0,0,368402,7.75,,Q,B,
489,2,"Louch, Mrs. Charles Alexander (Alice Adelaide Slow)",female,42.0,1,0,SC/AH 3085,26.0,,S,,"Weston-Super-Mare, Somerset"
431,2,"Harper, Rev. John",male,28.0,0,1,248727,33.0,,S,,"Denmark Hill, Surrey / Chicago"
1192,3,"Sawyer, Mr. Frederick Charles",male,24.5,0,0,342826,8.05,,S,,
737,3,"Crease, Mr. Ernest James",male,19.0,0,0,S.P. 3464,8.1583,,S,,"Bristol, England Cleveland, OH"
30,1,"Blackwell, Mr. Stephen Weart",male,45.0,0,0,113784,35.5,T,S,,"Trenton, NJ"
312,1,"Widener, Mr. George Dunton",male,50.0,1,1,113503,211.5,C80,C,,"Elkins Park, PA"
1097,3,"Palsson, Master. Paul Folke",male,6.0,3,1,349909,21.075,,S,,
841,3,"Hagardon, Miss. Kate",female,17.0,0,0,AQ/3. 30631,7.7333,,Q,,
492,2,"Mallet, Master. Andre",male,1.0,0,2,S.C./PARIS 2079,37.0042,,C,10,"Paris / Montreal, PQ"
269,1,"Smith, Mr. Richard William",male,,0,0,113056,26.0,A19,S,,"Streatham, Surrey"
1165,3,"Saad, Mr. Khalil",male,25.0,0,0,2672,7.225,,C,,
720,3,"Colbert, Mr. Patrick",male,24.0,0,0,371109,7.25,,Q,,"Co Limerick, Ireland Sherbrooke, PQ"
464,2,"Jenkin, Mr. Stephen Curnow",male,32.0,0,0,C.A. 33111,10.5,,S,,"St Ives, Cornwall / Houghton, MI"
1200,3,"Simmons, Mr. John",male,,0,0,SOTON/OQ 392082,8.05,,S,,
929,3,"Kiernan, Mr. John",male,,1,0,367227,7.75,,Q,,
1116,3,"Peduzzi, Mr. Joseph",male,,0,0,A/5 2817,8.05,,S,,
353,2,"Bryhl, Miss. Dagmar Jenny Ingeborg ",female,20.0,1,0,236853,26.0,,S,12,"Skara, Sweden / Rockford, IL"
359,2,"Caldwell, Master. Alden Gates",male,0.8333,0,2,248738,29.0,,S,13,"Bangkok, Thailand / Roseville, IL"
1037,3,"Moussa, Mrs. (Mantoura Boulos)",female,,0,0,2626,7.2292,,C,,
618,3,"Allen, Mr. William Henry",male,35.0,0,0,373450,8.05,,S,,"Lower Clapton, Middlesex or Erdington, Birmingham"
266,1,"Smart, Mr. John Montgomery",male,56.0,0,0,113792,26.55,,S,,"New York, NY"
855,3,"Hassan, Mr. Houssein G N",male,11.0,0,0,2699,18.7875,,C,,
1073,3,"O'Connor, Mr. Maurice",male,,0,0,371060,7.75,,Q,,
611,3,"Aks, Master. Philip Frank",male,0.8333,0,1,392091,9.35,,S,11,"London, England Norfolk, VA"
1189,3,"Sandstrom, Miss. Marguerite Rut",female,4.0,1,1,PP 9549,16.7,G6,S,13,
714,3,"Chip, Mr. Chang",male,32.0,0,0,1601,56.4958,,S,C,"Hong Kong New York, NY"
778,3,"Dowdell, Miss. Elizabeth",female,30.0,0,0,364516,12.475,,S,13,"Union Hill, NJ"
1090,3,"Oreskovic, Miss. Jelka",female,23.0,0,0,315085,8.6625,,S,,
557,2,"Shelley, Mrs. William (Imanita Parrish Hall)",female,25.0,0,1,230433,26.0,,S,12,"Deer Lodge, MT"
731,3,"Cor, Mr. Liudevit",male,19.0,0,0,349231,7.8958,,S,,Austria
1204,3,"Sivola, Mr. Antti Wilhelm",male,21.0,0,0,STON/O 2. 3101280,7.925,,S,,
1091,3,"Oreskovic, Miss. Marija",female,20.0,0,0,315096,8.6625,,S,,
319,1,"Wilson, Miss. Helen Alice",female,31.0,0,0,16966,134.5,E39 E41,C,3,
694,3,"Burke, Mr. Jeremiah",male,19.0,0,0,365222,6.75,,Q,,"Co Cork, Ireland Charlestown, MA"
627,3,"Andersson, Miss. Ingeborg Constanzia",female,9.0,4,2,347082,31.275,,S,,"Sweden Winnipeg, MN"
447,2,"Hocking, Mr. Richard George",male,23.0,2,1,29104,11.5,,S,,"Cornwall / Akron, OH"
848,3,"Hansen, Mr. Claus Peter",male,41.0,2,0,350026,14.1083,,S,,
82,1,"Crosby, Miss. Harriet R",female,36.0,0,2,WE/P 5735,71.0,B22,S,7,"Milwaukee, WI"
1069,3,"O'Brien, Mr. Thomas",male,,1,0,370365,15.5,,Q,,
337,2,"Beane, Mrs. Edward (Ethel Clarke)",female,19.0,1,0,2908,26.0,,S,13,"Norwich / New York, NY"
530,2,"Pengelly, Mr. Frederick William",male,19.0,0,0,28665,10.5,,S,,"Gunnislake, England / Butte, MT"
990,3,"Makinen, Mr. Kalle Edvard",male,29.0,0,0,STON/O 2. 3101268,7.925,,S,,
444,2,"Hickman, Mr. Stanley George",male,21.0,2,0,S.O.C. 14879,73.5,,S,,"West Hampstead, London / Neepawa, MB"
285,1,"Straus, Mr. Isidor",male,67.0,1,0,PC 17483,221.7792,C55 C57,S,,"New York, NY"
256,1,"Salomon, Mr. Abraham L",male,,0,0,111163,26.0,,S,1,"New York, NY"
204,1,"Meyer, Mrs. Edgar Joseph (Leila Saks)",female,,1,0,PC 17604,82.1708,,C,6,"New York, NY"
339,2,"Becker, Master. Richard F",male,1.0,2,1,230136,39.0,F4,S,11,"Guntur, India / Benton Harbour, MI"
668,3,"Barton, Mr. David John",male,22.0,0,0,324669,8.05,,S,,"England New York, NY"
218,1,"Oliva y Ocana, Dona. Fermina",female,39.0,0,0,PC 17758,108.9,C105,C,8,
109,1,"Flynn, Mr. John Irwin (""Irving"")",male,36.0,0,0,PC 17474,26.3875,E25,S,5,"Brooklyn, NY"
927,3,"Khalil, Mr. Betros",male,,1,0,2660,14.4542,,C,,
697,3,"Cacic, Miss. Marija",female,30.0,0,0,315084,8.6625,,S,,
957,3,"Lefebre, Miss. Mathilde",female,,3,1,4133,25.4667,,S,,
224,1,"Partner, Mr. Austen",male,45.5,0,0,113043,28.5,C124,S,,"Surbiton Hill, Surrey"
518,2,"Nicholls, Mr. Joseph Charles",male,19.0,1,1,C.A. 33112,36.75,,S,,"Cornwall / Hancock, MI"
76,1,"Compton, Miss. Sara Rebecca",female,39.0,1,1,PC 17756,83.1583,E49,C,14,"Lakewood, NJ"
553,2,"Rugg, Miss. Emily",female,21.0,0,0,C.A. 31026,10.5,,S,12,"Guernsey / Wilmington, DE"
213,1,"Newell, Miss. Madeleine",female,31.0,1,0,35273,113.275,D36,C,6,"Lexington, MA"
358,2,"Bystrom, Mrs. (Karolina)",female,42.0,0,0,236852,13.0,,S,,"New York, NY"
659,3,"Baclini, Miss. Marie Catherine",female,5.0,2,1,2666,19.2583,,C,C,"Syria New York, NY"
188,1,"Lines, Mrs. Ernest H (Elizabeth Lindsey James)",female,51.0,0,1,PC 17592,39.4,D28,S,9,"Paris, France"
347,2,"Bowenur, Mr. Solomon",male,42.0,0,0,211535,13.0,,S,,London
997,3,"Masselmani, Mrs. Fatima",female,,0,0,2649,7.225,,C,C,
320,1,"Woolner, Mr. Hugh",male,,0,0,19947,35.5,C52,S,D,"London, England"
790,3,"Elias, Mr. Joseph",male,39.0,0,2,2675,7.2292,,C,,"Syria Ottawa, ON"
853,3,"Harmer, Mr. Abraham (David Lishin)",male,25.0,0,0,374887,7.25,,S,B,
1266,3,"Van Impe, Mr. Jean Baptiste",male,36.0,1,1,345773,24.15,,S,,
225,1,"Payne, Mr. Vivian Ponsonby",male,23.0,0,0,12749,93.5,B24,S,,"Montreal, PQ"
527,2,"Parker, Mr. Clifford Richard",male,28.0,0,0,SC 14888,10.5,,S,,"St Andrews, Guernsey"
478,2,"Laroche, Miss. Louise",female,1.0,1,2,SC/Paris 2123,41.5792,,C,14,Paris / Haiti
750,3,"Danoff, Mr. Yoto",male,27.0,0,0,349219,7.8958,,S,,"Bulgaria Chicago, IL"
1270,3,"Vande Walle, Mr. Nestor Cyriel",male,28.0,0,0,345770,9.5,,S,,
1246,3,"Thorneycroft, Mr. Percival",male,,1,0,376564,16.1,,S,,
105,1,"Evans, Miss. Edith Corse",female,36.0,0,0,PC 17531,31.6792,A29,C,,"New York, NY"
169,1,"Isham, Miss. Ann Elizabeth",female,50.0,0,0,PC 17595,28.7125,C49,C,,"Paris, France New York, NY"
1258,3,"Touma, Mrs. Darwis (Hanne Youssef Razi)",female,29.0,0,2,2650,15.2458,,C,C,
1254,3,"Tornquist, Mr. William Henry",male,25.0,0,0,LINE,0.0,,S,15,
733,3,"Coutts, Master. Eden Leslie ""Neville""",male,9.0,1,1,C.A. 37671,15.9,,S,2,"England Brooklyn, NY"
1166,3,"Saade, Mr. Jean Nassr",male,,0,0,2676,7.225,,C,,
1278,3,"Vendel, Mr. Olof Edvin",male,20.0,0,0,350416,7.8542,,S,,
1222,3,"Stankovic, Mr. Ivan",male,33.0,0,0,349239,8.6625,,C,,
1188,3,"Sandstrom, Mrs. Hjalmar (Agnes Charlotta Bengtsson)",female,24.0,0,2,PP 9549,16.7,G6,S,13,
308,1,"White, Mrs. John Stuart (Ella Holmes)",female,55.0,0,0,PC 17760,135.6333,C32,C,8,"New York, NY / Briarcliff Manor NY"
703,3,"Canavan, Mr. Patrick",male,21.0,0,0,364858,7.75,,Q,,"Ireland Philadelphia, PA"
85,1,"Cumings, Mrs. John Bradley (Florence Briggs Thayer)",female,38.0,1,0,PC 17599,71.2833,C85,C,4,"New York, NY"
133,1,"Goldenberg, Mr. Samuel L",male,49.0,1,0,17453,89.1042,C92,C,5,"Paris, France / New York, NY"
587,2,"Wells, Master. Ralph Lester",male,2.0,1,1,29103,23.0,,S,14,"Cornwall / Akron, OH"
509,2,"Morley, Mr. Henry Samuel (""Mr Henry Marshall"")",male,39.0,0,0,250655,26.0,,S,,
666,3,"Barbara, Mrs. (Catherine David)",female,45.0,0,1,2691,14.4542,,C,,"Syria Ottawa, ON"
672,3,"Betros, Master. Seman",male,,0,0,2622,7.2292,,C,,
834,3,"Gronnestad, Mr. Daniel Danielsen",male,32.0,0,0,8471,8.3625,,S,,"Foresvik, Norway Portland, ND"
1172,3,"Sage, Miss. Ada",female,,8,2,CA. 2343,69.55,,S,,
1206,3,"Skoog, Master. Harald",male,4.0,3,2,347088,27.9,,S,,
547,2,"Richard, Mr. Emile",male,23.0,0,0,SC/PARIS 2133,15.0458,,C,,"Paris / Montreal, PQ"
21,1,"Beckwith, Mrs. Richard Leonard (Sallie Monypeny)",female,47.0,1,1,11751,52.5542,D35,S,5,"New York, NY"
871,3,"Horgan, Mr. John",male,,0,0,370377,7.75,,Q,,
1213,3,"Slocovski, Mr. Selman Francis",male,,0,0,SOTON/OQ 392086,8.05,,S,,
1226,3,"Stoytcheff, Mr. Ilia",male,19.0,0,0,349205,7.8958,,S,,
451,2,"Hold, Mr. Stephen",male,44.0,1,0,26707,26.0,,S,,"England / Sacramento, CA"
153,1,"Hays, Miss. Margaret Bechstein",female,24.0,0,0,11767,83.1583,C54,C,7,"New York, NY"
388,2,"Davis, Miss. Mary",female,28.0,0,0,237668,13.0,,S,13,"London / Staten Island, NY"
330,2,"Ashby, Mr. John",male,57.0,0,0,244346,13.0,,S,,"West Hoboken, NJ"
636,3,"Arnold-Franchi, Mrs. Josef (Josefine Franchi)",female,18.0,1,0,349237,17.8,,S,,"Altdorf, Switzerland"
1265,3,"Van Impe, Miss. Catharina",female,10.0,0,2,345773,24.15,,S,,
172,1,"Julian, Mr. Henry Forbes",male,50.0,0,0,113044,26.0,E60,S,,London
650,3,"Attalah, Miss. Malake",female,17.0,0,0,2627,14.4583,,C,,
1029,3,"Moran, Mr. Daniel J",male,,1,0,371110,24.15,,Q,,
329,2,"Angle, Mrs. William A (Florence ""Mary"" Agnes Hughes)",female,36.0,1,0,226875,26.0,,S,11,"Warwick, England"
497,2,"Maybery, Mr. Frank Hubert",male,40.0,0,0,239059,16.0,,S,,"Weston-Super-Mare / Moose Jaw, SK"
1067,3,"Nysten, Miss. Anna Sofia",female,22.0,0,0,347081,7.75,,S,13,
541,2,"Quick, Miss. Winifred Vera",female,8.0,1,1,26360,26.0,,S,11,"Plymouth, Devon / Detroit, MI"
824,3,"Goncalves, Mr. Manuel Estanslas",male,38.0,0,0,SOTON/O.Q. 3101306,7.05,,S,,Portugal
1011,3,"McNamee, Mrs. Neal (Eileen O'Leary)",female,19.0,1,0,376566,16.1,,S,,
299,1,"Uruchurtu, Don. Manuel E",male,40.0,0,0,PC 17601,27.7208,,C,,"Mexico City, Mexico"
459,2,"Jacobsohn, Mr. Sidney Samuel",male,42.0,1,0,243847,27.0,,S,,London
882,3,"Jardin, Mr. Jose Neto",male,,0,0,SOTON/O.Q. 3101305,7.05,,S,,
690,3,"Brobeck, Mr. Karl Rudolf",male,22.0,0,0,350045,7.7958,,S,,"Sweden Worcester, MA"
1064,3,"Niskanen, Mr. Juha",male,39.0,0,0,STON/O 2. 3101289,7.925,,S,9,
785,3,"Dyker, Mrs. Adolf Fredrik (Anna Elisabeth Judith Andersson)",female,22.0,1,0,347072,13.9,,S,16,"West Haven, CT"
830,3,"Goodwin, Mr. Charles Edward",male,14.0,5,2,CA 2144,46.9,,S,,"Wiltshire, England Niagara Falls, NY"
928,3,"Khalil, Mrs. Betros (Zahie ""Maria"" Elias)",female,,1,0,2660,14.4542,,C,,
874,3,"Hyman, Mr. Abraham",male,,0,0,3470,7.8875,,S,C,
1203,3,"Sivic, Mr. Husein",male,40.0,0,0,349251,7.8958,,S,,
1124,3,"Peters, Miss. Katie",female,,0,0,330935,8.1375,,Q,,
77,1,"Compton, Mr. Alexander Taylor Jr",male,37.0,1,1,PC 17756,83.1583,E52,C,,"Lakewood, NJ"
1235,3,"Svensson, Mr. Johan",male,74.0,0,0,347060,7.775,,S,,
111,1,"Fortune, Miss. Alice Elizabeth",female,24.0,3,2,19950,263.0,C23 C25 C27,S,10,"Winnipeg, MB"
201,1,"McCarthy, Mr. Timothy J",male,54.0,0,0,17463,51.8625,E46,S,,"Dorchester, MA"
565,2,"Sobey, Mr. Samuel James Hayden",male,25.0,0,0,C.A. 29178,13.0,,S,,"Cornwall / Houghton, MI"
131,1,"Gibson, Mrs. Leonard (Pauline C Boeson)",female,45.0,0,1,112378,59.4,,C,7,"New York, NY"
930,3,"Kiernan, Mr. Philip",male,,1,0,367229,7.75,,Q,,
300,1,"Van der hoef, Mr. Wyckoff",male,61.0,0,0,111240,33.5,B19,S,,"Brooklyn, NY"
250,1,"Ryerson, Miss. Emily Borie",female,18.0,2,2,PC 17608,262.375,B57 B59 B63 B66,C,4,"Haverford, PA / Cooperstown, NY"
1181,3,"Salander, Mr. Karl Johan",male,24.0,0,0,7266,9.325,,S,,
193,1,"Madill, Miss. Georgette Alexandra",female,15.0,0,1,24160,211.3375,B5,S,2,"St Louis, MO"
570,2,"Toomey, Miss. Ellen",female,50.0,0,0,F.C.C. 13531,10.5,,S,9,"Indianapolis, IN"
1224,3,"Stanley, Mr. Edward Roland",male,21.0,0,0,A/4 45380,8.05,,S,,
1251,3,"Tomlin, Mr. Ernest Portage",male,30.5,0,0,364499,8.05,,S,,
149,1,"Harris, Mrs. Henry Birkhardt (Irene Wallach)",female,35.0,1,0,36973,83.475,C83,S,D,"New York, NY"
823,3,"Goldsmith, Mrs. Frank John (Emily Alice Brown)",female,31.0,1,1,363291,20.525,,S,C D,"Strood, Kent, England Detroit, MI"
729,3,"Cor, Mr. Bartol",male,35.0,0,0,349230,7.8958,,S,,Austria
202,1,"McGough, Mr. James Robert",male,36.0,0,0,PC 17473,26.2875,E25,S,7,"Philadelphia, PA"
1035,3,"Moubarek, Master. Halim Gonios (""William George"")",male,,1,1,2661,15.2458,,C,C,
346,2,"Botsford, Mr. William Hull",male,26.0,0,0,237670,13.0,,S,,"Elmira, NY / Orange, NJ"
896,3,"Johnson, Mr. Alfred",male,49.0,0,0,LINE,0.0,,S,,
1137,3,"Razi, Mr. Raihed",male,,0,0,2629,7.2292,,C,,
798,3,"Finoli, Mr. Luigi",male,,0,0,SOTON/O.Q. 3101308,7.05,,S,15,"Italy Philadelphia, PA"
9,1,"Artagaveytia, Mr. Ramon",male,71.0,0,0,PC 17609,49.5042,,C,,"Montevideo, Uruguay"
960,3,"Lemberopolous, Mr. Peter L",male,34.5,0,0,2683,6.4375,,C,,
165,1,"Hoyt, Mr. Frederick Maxfield",male,38.0,1,0,19943,90.0,C93,S,D,"New York, NY /  Stamford CT"
475,2,"Lahtinen, Mrs. William (Anna Sylfven)",female,26.0,1,1,250651,26.0,,S,,"Minneapolis, MN"
2,1,"Allison, Miss. Helen Loraine",female,2.0,1,2,113781,151.55,C22 C26,S,,"Montreal, PQ / Chesterville, ON"
993,3,"Mannion, Miss. Margareth",female,,0,0,36866,7.7375,,Q,16,
108,1,"Fleming, Miss. Margaret",female,,0,0,17421,110.8833,,C,4,
276,1,"Spencer, Mr. William Augustus",male,57.0,1,0,PC 17569,146.5208,B78,C,,"Paris, France"
794,3,"Emanuel, Miss. Virginia Ethel",female,5.0,0,0,364516,12.475,,S,13,"New York, NY"
762,3,"Dean, Master. Bertram Vere",male,1.0,1,2,C.A. 2315,20.575,,S,10,"Devon, England Wichita, KS"
176,1,"Kenyon, Mrs. Frederick R (Marion)",female,,1,0,17464,51.8625,D21,S,8,"Southington / Noank, CT"
909,3,"Jussila, Mr. Eiriik",male,32.0,0,0,STON/O 2. 3101286,7.925,,S,15,
1130,3,"Pettersson, Miss. Ellen Natalia",female,18.0,0,0,347087,7.775,,S,,
1070,3,"O'Brien, Mr. Timothy",male,,0,0,330979,7.8292,,Q,,
467,2,"Kantor, Mrs. Sinai (Miriam Sternin)",female,24.0,1,0,244367,26.0,,S,12,"Moscow / Bronx, NY"
1300,3,"Yasbeck, Mrs. Antoni (Selini Alexander)",female,15.0,1,0,2659,14.4542,,C,,
1202,3,"Sirota, Mr. Maurice",male,,0,0,392092,8.05,,S,,
966,3,"Lindahl, Miss. Agda Thorilda Viktoria",female,25.0,0,0,347071,7.775,,S,,
242,1,"Rosenbaum, Miss. Edith Louise",female,33.0,0,0,PC 17613,27.7208,A11,C,11,"Paris, France"
1044,3,"Murphy, Miss. Nora",female,,0,0,36568,15.5,,Q,16,
623,3,"Andersson, Miss. Ebba Iris Alfrida",female,6.0,4,2,347082,31.275,,S,,"Sweden Winnipeg, MN"
719,3,"Cohen, Mr. Gurshon ""Gus""",male,18.0,0,0,A/5 3540,8.05,,S,12,"London Brooklyn, NY"
969,3,"Lindell, Mrs. Edvard Bengtsson (Elin Gerda Persson)",female,30.0,1,0,349910,15.55,,S,A,
1079,3,"Ohman, Miss. Velin",female,22.0,0,0,347085,7.775,,S,C,
136,1,"Gracie, Col. Archibald IV",male,53.0,0,0,113780,28.5,C51,C,B,"Washington, DC"
103,1,"Endres, Miss. Caroline Louise",female,38.0,0,0,PC 17757,227.525,C45,C,4,"New York, NY"
217,1,"Nicholson, Mr. Arthur Ernest",male,64.0,0,0,693,26.0,,S,,"Isle of Wight, England"
1002,3,"McCoy, Miss. Alicia",female,,2,0,367226,23.25,,Q,16,
454,2,"Hosono, Mr. Masabumi",male,42.0,0,0,237798,13.0,,S,10,"Tokyo, Japan"
313,1,"Widener, Mr. Harry Elkins",male,27.0,0,2,113503,211.5,C82,C,,"Elkins Park, PA"
48,1,"Candee, Mrs. Edward (Helen Churchill Hungerford)",female,53.0,0,0,PC 17606,27.4458,,C,6,"Washington, DC"
254,1,"Saalfeld, Mr. Adolphe",male,,0,0,19988,30.5,C106,S,3,"Manchester, England"
641,3,"Asplund, Master. Edvin Rojj Felix",male,3.0,4,2,347077,31.3875,,S,15,"Sweden Worcester, MA"
1233,3,"Sundman, Mr. Johan Julian",male,44.0,0,0,STON/O 2. 3101269,7.925,,S,15,
903,3,"Johnston, Mrs. Andrew G (Elizabeth ""Lily"" Watson)",female,,1,2,W./C. 6607,23.45,,S,,
203,1,"Meyer, Mr. Edgar Joseph",male,28.0,1,0,PC 17604,82.1708,,C,,"New York, NY"
1021,3,"Mionoff, Mr. Stoytcho",male,28.0,0,0,349207,7.8958,,S,,
50,1,"Cardeza, Mrs. James Warburton Martinez (Charlotte Wardle Drake)",female,58.0,0,1,PC 17755,512.3292,B51 B53 B55,C,3,"Germantown, Philadelphia, PA"
352,2,"Brown, Mrs. Thomas William Solomon (Elizabeth Catherine Ford)",female,40.0,1,1,29750,39.0,,S,14,"Cape Town, South Africa / Seattle, WA"
315,1,"Willard, Miss. Constance",female,21.0,0,0,113795,26.55,,S,8 10,"Duluth, MN"
579,2,"Ware, Mr. William Jeffery",male,23.0,1,0,28666,10.5,,S,,
427,2,"Hamalainen, Master. Viljo",male,0.6667,1,1,250649,14.5,,S,4,"Detroit, MI"
206,1,"Minahan, Dr. William Edward",male,44.0,2,0,19928,90.0,C78,Q,,"Fond du Lac, WI"
1248,3,"Tikkanen, Mr. Juho",male,32.0,0,0,STON/O 2. 3101293,7.925,,S,,
135,1,"Goldschmidt, Mr. George B",male,71.0,0,0,PC 17754,34.6542,A5,C,,"New York, NY"
613,3,"Albimona, Mr. Nassef Cassem",male,26.0,0,0,2699,18.7875,,C,15,"Syria Fredericksburg, VA"
500,2,"McKane, Mr. Peter David",male,46.0,0,0,28403,26.0,,S,,"Rochester, NY"
751,3,"Dantcheff, Mr. Ristiu",male,25.0,0,0,349203,7.8958,,S,,"Bulgaria Chicago, IL"
946,3,"Lam, Mr. Len",male,,0,0,1601,56.4958,,S,,
333,2,"Ball, Mrs. (Ada E Hall)",female,36.0,0,0,28551,13.0,D,S,10,"Bristol, Avon / Jacksonville, FL"
480,2,"Laroche, Mr. Joseph Philippe Lemercier",male,25.0,1,2,SC/Paris 2123,41.5792,,C,,Paris / Haiti
1177,3,"Sage, Mr. Frederick",male,,8,2,CA. 2343,69.55,,S,,
647,3,"Assaf Khalil, Mrs. Mariana (""Miriam"")",female,45.0,0,0,2696,7.225,,C,C,"Ottawa, ON"
304,1,"Warren, Mrs. Frank Manley (Anna Sophia Atkinson)",female,60.0,1,0,110813,75.25,D37,C,5,"Portland, OR"
867,3,"Hirvonen, Mrs. Alexander (Helga E Lindqvist)",female,22.0,1,1,3101298,12.2875,,S,15,
1142,3,"Rice, Master. Arthur",male,4.0,4,1,382652,29.125,,Q,,
305,1,"Weir, Col. John",male,60.0,0,0,113800,26.55,,S,,"England Salt Lake City, Utah"
247,1,"Rothschild, Mrs. Martin (Elizabeth L. Barrett)",female,54.0,1,0,PC 17603,59.4,,C,6,"New York, NY"
181,1,"Leader, Dr. Alice (Farnham)",female,49.0,0,0,17465,25.9292,D17,S,8,"New York, NY"
267,1,"Smith, Mr. James Clinch",male,56.0,0,0,17764,30.6958,A7,C,,"St James, Long Island, NY"
382,2,"Corey, Mrs. Percy C (Mary Phyllis Elizabeth Miller)",female,,0,0,F.C.C. 13534,21.0,,S,,"Upper Burma, India Pittsburgh, PA"
1028,3,"Moran, Miss. Bertha",female,,1,0,371110,24.15,,Q,16,
1041,3,"Murdlin, Mr. Joseph",male,,0,0,A./5. 3235,8.05,,S,,
705,3,"Caram, Mr. Joseph",male,,1,0,2689,14.4583,,C,,"Ottawa, ON"
155,1,"Hays, Mrs. Charles Melville (Clara Jennings Gregg)",female,52.0,1,1,12749,93.5,B69,S,3,"Montreal, PQ"
116,1,"Fortune, Mrs. Mark (Mary McDougald)",female,60.0,1,4,19950,263.0,C23 C25 C27,S,10,"Winnipeg, MB"
92,1,"Dick, Mrs. Albert Adrian (Vera Gillespie)",female,17.0,1,0,17474,57.0,B20,S,3,"Calgary, AB"
814,3,"Gallagher, Mr. Martin",male,25.0,0,0,36864,7.7417,,Q,,"New York, NY"
735,3,"Coutts, Mrs. William (Winnie ""Minnie"" Treanor)",female,36.0,0,2,C.A. 37671,15.9,,S,2,"England Brooklyn, NY"
259,1,"Seward, Mr. Frederic Kimber",male,34.0,0,0,113794,26.55,,S,7,"New York, NY"
844,3,"Hakkarainen, Mr. Pekka Pietari",male,28.0,1,0,STON/O2. 3101279,15.85,,S,,
767,3,"Demetri, Mr. Marinko",male,,0,0,349238,7.8958,,S,,
4,1,"Allison, Mrs. Hudson J C (Bessie Waldo Daniels)",female,25.0,1,2,113781,151.55,C22 C26,S,,"Montreal, PQ / Chesterville, ON"
286,1,"Straus, Mrs. Isidor (Rosalie Ida Blun)",female,63.0,1,0,PC 17483,221.7792,C55 C57,S,,"New York, NY"
365,2,"Carter, Mrs. Ernest Courtenay (Lilian Hughes)",female,44.0,1,0,244252,26.0,,S,,London
376,2,"Collett, Mr. Sidney C Stuart",male,24.0,0,0,28034,10.5,,S,9,"London / Fort Byron, NY"
880,3,"Jalsevac, Mr. Ivan",male,29.0,0,0,349240,7.8958,,C,15,
1105,3,"Panula, Mr. Jaako Arnold",male,14.0,4,1,3101295,39.6875,,S,,
1169,3,"Saether, Mr. Simon Sivertsen",male,38.5,0,0,SOTON/O.Q. 3101262,7.25,,S,,
873,3,"Humblen, Mr. Adolf Mathias Nicolai Olsen",male,42.0,0,0,348121,7.65,F G63,S,,
692,3,"Buckley, Miss. Katherine",female,18.5,0,0,329944,7.2833,,Q,,"Co Cork, Ireland Roxbury, MA"
404,2,"Enander, Mr. Ingvar",male,21.0,0,0,236854,13.0,,S,,"Goteborg, Sweden / Rockford, IL"
642,3,"Asplund, Master. Filip Oscar",male,13.0,4,2,347077,31.3875,,S,,"Sweden Worcester, MA"
95,1,"Dodge, Mrs. Washington (Ruth Vidaver)",female,54.0,1,1,33638,81.8583,A34,S,5,"San Francisco, CA"
1296,3,"Wirz, Mr. Albert",male,27.0,0,0,315154,8.6625,,S,,
369,2,"Chapman, Mrs. John Henry (Sara Elizabeth Lawry)",female,29.0,1,0,SC/AH 29037,26.0,,S,,"Cornwall / Spokane, WA"
602,3,"Abbott, Mr. Rossmore Edward",male,16.0,1,1,C.A. 2673,20.25,,S,,"East Providence, RI"
1271,3,"Vanden Steen, Mr. Leo Peter",male,28.0,0,0,345783,9.5,,S,,
504,2,"Meyer, Mr. August",male,39.0,0,0,248723,13.0,,S,,"Harrow-on-the-Hill, Middlesex"
1053,3,"Nasr, Mr. Mustafa",male,,0,0,2652,7.2292,,C,,
47,1,"Calderhead, Mr. Edward Pennington",male,42.0,0,0,PC 17476,26.2875,E24,S,5,"New York, NY"
168,1,"Icard, Miss. Amelie",female,38.0,0,0,113572,80.0,B28,,6,
1014,3,"Meek, Mrs. Thomas (Annie Louise Rowley)",female,,0,0,343095,8.05,,S,,
533,2,"Phillips, Miss. Alice Frances Louisa",female,21.0,0,1,S.O./P.P. 2,21.0,,S,12,"Ilfracombe, Devon"
61,1,"Cavendish, Mrs. Tyrell William (Julia Florence Siegel)",female,76.0,1,0,19877,78.85,C46,S,6,"Little Onn Hall, Staffs"
868,3,"Holm, Mr. John Fredrik Alexander",male,43.0,0,0,C 7075,6.45,,S,,
38,1,"Brady, Mr. John Bertram",male,41.0,0,0,113054,30.5,A21,S,,"Pomeroy, WA"
179,1,"Klaber, Mr. Herman",male,,0,0,113028,26.55,C124,S,,"Portland, OR"
424,2,"Givard, Mr. Hans Kristensen",male,30.0,0,0,250646,13.0,,S,,
124,1,"Frolicher-Stehli, Mrs. Maxmillian (Margaretha Emerentia Stehli)",female,48.0,1,1,13567,79.2,B41,C,5,"Zurich, Switzerland"
253,1,"Ryerson, Mrs. Arthur Larned (Emily Maria Borie)",female,48.0,1,3,PC 17608,262.375,B57 B59 B63 B66,C,4,"Haverford, PA / Cooperstown, NY"
114,1,"Fortune, Mr. Charles Alexander",male,19.0,3,2,19950,263.0,C23 C25 C27,S,,"Winnipeg, MB"
939,3,"Klasen, Mrs. (Hulda Kristina Eugenia Lofqvist)",female,36.0,0,2,350405,12.1833,,S,,
626,3,"Andersson, Miss. Ida Augusta Margareta",female,38.0,4,2,347091,7.775,,S,,"Vadsbro, Sweden Ministee, MI"
588,2,"Wells, Miss. Joan",female,4.0,1,1,29103,23.0,,S,14,"Cornwall / Akron, OH"
764,3,"Dean, Mr. Bertram Frank",male,26.0,1,2,C.A. 2315,20.575,,S,,"Devon, England Wichita, KS"
1307,3,"Zakarian, Mr. Ortin",male,27.0,0,0,2670,7.225,,C,,
1120,3,"Persson, Mr. Ernst Ulrik",male,25.0,1,0,347083,7.775,,S,15,
1274,3,"Vander Planke, Mr. Julius",male,31.0,3,0,345763,18.0,,S,,
571,2,"Troupiansky, Mr. Moses Aaron",male,23.0,0,0,233639,13.0,,S,,
781,3,"Drazenoic, Mr. Jozef",male,33.0,0,0,349241,7.8958,,C,,"Austria Niagara Falls, NY"
55,1,"Carter, Miss. Lucile Polk",female,14.0,1,2,113760,120.0,B96 B98,S,4,"Bryn Mawr, PA"
1059,3,"Niklasson, Mr. Samuel",male,28.0,0,0,363611,8.05,,S,,
963,3,"Leonard, Mr. Lionel",male,36.0,0,0,LINE,0.0,,S,,
958,3,"Lefebre, Mrs. Frank (Frances)",female,,0,4,4133,25.4667,,S,,
417,2,"Gavey, Mr. Lawrence",male,26.0,0,0,31028,10.5,,S,,"Guernsey / Elizabeth, NJ"
1032,3,"Morrow, Mr. Thomas Rowan",male,,0,0,372622,7.75,,Q,,
665,3,"Barbara, Miss. Saiide",female,18.0,0,1,2691,14.4542,,C,,"Syria Ottawa, ON"
649,3,"Assam, Mr. Ali",male,23.0,0,0,SOTON/O.Q. 3101309,7.05,,S,,
1052,3,"Nankoff, Mr. Minko",male,,0,0,349218,7.8958,,S,,
51,1,"Carlsson, Mr. Frans Olof",male,33.0,0,0,695,5.0,B51 B53 B55,S,,"New York, NY"
1065,3,"Nosworthy, Mr. Richard Cater",male,21.0,0,0,A/4. 39886,7.8,,S,,
673,3,"Betros, Mr. Tannous",male,20.0,0,0,2648,4.0125,,C,,Syria
827,3,"Goodwin, Master. William Frederick",male,11.0,5,2,CA 2144,46.9,,S,,"Wiltshire, England Niagara Falls, NY"
840,3,"Haas, Miss. Aloisia",female,24.0,0,0,349236,8.85,,S,,
560,2,"Sinkkonen, Miss. Anna",female,30.0,0,0,250648,13.0,,S,10,"Finland / Washington, DC"
235,1,"Rheims, Mr. George Alexander Lucien",male,,0,0,PC 17607,39.6,,S,A,"Paris /  New York, NY"
163,1,"Holverson, Mrs. Alexander Oskar (Mary Aline Towner)",female,35.0,1,0,113789,52.0,,S,8,"New York, NY"
791,3,"Elias, Mr. Joseph Jr",male,17.0,1,1,2690,7.2292,,C,,
907,3,"Jussila, Miss. Katriina",female,20.0,1,0,4136,9.825,,S,,
555,2,"Sedgwick, Mr. Charles Frederick Waddington",male,25.0,0,0,244361,13.0,,S,,Liverpool
696,3,"Cacic, Miss. Manda",female,21.0,0,0,315087,8.6625,,S,,
836,3,"Gustafsson, Mr. Alfred Ossian",male,20.0,0,0,7534,9.8458,,S,,"Waukegan, Chicago, IL"
1176,3,"Sage, Mr. Douglas Bullen",male,,8,2,CA. 2343,69.55,,S,,
995,3,"Markoff, Mr. Marin",male,35.0,0,0,349213,7.8958,,C,,
1144,3,"Rice, Master. Eugene",male,2.0,4,1,382652,29.125,,Q,,
628,3,"Andersson, Miss. Sigrid Elisabeth",female,11.0,4,2,347082,31.275,,S,,"Sweden Winnipeg, MN"
445,2,"Hiltunen, Miss. Marta",female,18.0,1,1,250650,13.0,,S,,"Kontiolahti, Finland / Detroit, MI"
1038,3,"Moutal, Mr. Rahamin Haim",male,,0,0,374746,8.05,,S,,
1143,3,"Rice, Master. Eric",male,7.0,4,1,382652,29.125,,Q,,
245,1,"Rothes, the Countess. of (Lucy Noel Martha Dyer-Edwards)",female,33.0,0,0,110152,86.5,B77,S,8,"London  Vancouver, BC"
292,1,"Taylor, Mr. Elmer Zebley",male,48.0,1,0,19996,52.0,C126,S,5 7,"London /  East Orange, NJ"
1068,3,"Nysveen, Mr. Johan Hansen",male,61.0,0,0,345364,6.2375,,S,,
1252,3,"Torber, Mr. Ernst William",male,44.0,0,0,364511,8.05,,S,,
88,1,"Daniels, Miss. Sarah",female,33.0,0,0,113781,151.55,,S,8,
81,1,"Crosby, Capt. Edward Gifford",male,70.0,1,1,WE/P 5735,71.0,B22,S,,"Milwaukee, WI"
1102,3,"Panula, Master. Juha Niilo",male,7.0,4,1,3101295,39.6875,,S,,
610,3,"Ahlin, Mrs. Johan (Johanna Persdotter Larsson)",female,40.0,1,0,7546,9.475,,S,,"Sweden Akeley, MN"
343,2,"Beesley, Mr. Lawrence",male,34.0,0,0,248698,13.0,D56,S,13,London
739,3,"Cribb, Mr. John Hatfield",male,44.0,0,1,371362,16.1,,S,,"Bournemouth, England Newark, NJ"
1147,3,"Riihivouri, Miss. Susanna Juhantytar ""Sanni""",female,22.0,0,0,3101295,39.6875,,S,,
595,2,"Wheeler, Mr. Edwin ""Frederick""",male,,0,0,SC/PARIS 2159,12.875,,S,,
979,3,"Lundahl, Mr. Johan Svensson",male,51.0,0,0,347743,7.0542,,S,,
453,2,"Hood, Mr. Ambrose Jr",male,21.0,0,0,S.O.C. 14879,73.5,,S,,"New Forest, England"
284,1,"Stone, Mrs. George Nelson (Martha Evelyn)",female,62.0,0,0,113572,80.0,B28,,6,"Cincinatti, OH"
127,1,"Futrelle, Mrs. Jacques Heath (Lily May Peel)",female,35.0,1,0,113803,53.1,C123,S,D,"Scituate, MA"
574,2,"Turpin, Mr. William John Robert",male,29.0,1,0,11668,21.0,,S,,"Plymouth, England"
390,2,"Deacon, Mr. Percy William",male,17.0,0,0,S.O.C. 14879,73.5,,S,,
787,3,"Eklund, Mr. Hans Linus",male,16.0,0,0,347074,7.775,,S,,"Karberg, Sweden Jerome Junction, AZ"
1122,3,"Peter, Miss. Anna",female,,1,1,2668,22.3583,F E69,C,D,
521,2,"Nye, Mrs. (Elizabeth Ramell)",female,29.0,0,0,C.A. 29395,10.5,F33,S,11,"Folkstone, Kent / New York, NY"
799,3,"Fischer, Mr. Eberhard Thelander",male,18.0,0,0,350036,7.7958,,S,,
826,3,"Goodwin, Master. Sidney Leonard",male,1.0,5,2,CA 2144,46.9,,S,,"Wiltshire, England Niagara Falls, NY"
838,3,"Gustafsson, Mr. Johan Birger",male,28.0,2,0,3101277,7.925,,S,,"Ruotsinphytaa, Finland New York, NY"
760,3,"de Mulder, Mr. Theodore",male,30.0,0,0,345774,9.5,,S,11,"Belgium Detroit, MI"
684,3,"Bourke, Mrs. John (Catherine)",female,32.0,1,1,364849,15.5,,Q,,"Ireland Chicago, IL"
515,2,"Navratil, Master. Michel M",male,3.0,1,1,230080,26.0,F2,S,D,"Nice, France"
648,3,"Assaf, Mr. Gerios",male,21.0,0,0,2692,7.225,,C,,"Ottawa, ON"
398,2,"Drew, Master. Marshall Brines",male,8.0,0,2,28220,32.5,,S,10,"Greenport, NY"
1199,3,"Shorney, Mr. Charles Joseph",male,,0,0,374910,8.05,,S,,
1261,3,"Turkula, Mrs. (Hedwig)",female,63.0,0,0,4134,9.5875,,S,15,
769,3,"Dennis, Mr. Samuel",male,22.0,0,0,A/5 21172,7.25,,S,,
128,1,"Gee, Mr. Arthur H",male,47.0,0,0,111320,38.5,E63,S,,"St Anne's-on-Sea, Lancashire"
578,2,"Ware, Mr. John James",male,30.0,1,0,CA 31352,21.0,,S,,"Bristol, England / New Britain, CT"
542,2,"Quick, Mrs. Frederick Charles (Jane Richards)",female,33.0,0,2,26360,26.0,,S,11,"Plymouth, Devon / Detroit, MI"
687,3,"Braf, Miss. Elin Ester Maria",female,20.0,0,0,347471,7.8542,,S,,"Medeltorp, Sweden Chicago, IL"
174,1,"Kent, Mr. Edward Austin",male,58.0,0,0,11771,29.7,B37,C,,"Buffalo, NY"
220,1,"Ostby, Miss. Helene Ragnhild",female,22.0,0,1,113509,61.9792,B36,C,5,"Providence, RI"
1114,3,"Pearce, Mr. Ernest",male,,0,0,343271,7.0,,S,,
1190,3,"Sap, Mr. Julius",male,25.0,0,0,345768,9.5,,S,11,
1132,3,"Plotcharsky, Mr. Vasil",male,,0,0,349227,7.8958,,S,,
710,3,"Carr, Miss. Jeannie",female,37.0,0,0,368364,7.75,,Q,,"Co Sligo, Ireland Hartford, CT"
920,3,"Keane, Mr. Andrew ""Andy""",male,,0,0,12460,7.75,,Q,,
531,2,"Pernot, Mr. Rene",male,,0,0,SC/PARIS 2131,15.05,,C,,
33,1,"Bonnell, Miss. Elizabeth",female,58.0,0,0,113783,26.55,C103,S,8,"Birkdale, England Cleveland, Ohio"
378,2,"Collyer, Mr. Harvey",male,31.0,1,1,C.A. 31921,26.25,,S,,"Bishopstoke, Hants / Fayette Valley, ID"
40,1,"Brewe, Dr. Arthur Jackson",male,,0,0,112379,39.6,,C,,"Philadelphia, PA"
1106,3,"Panula, Mrs. Juha (Maria Emilia Ojala)",female,41.0,0,5,3101295,39.6875,,S,,
1245,3,"Thomson, Mr. Alexander Morrison",male,,0,0,32302,8.05,,S,,
1160,3,"Rouse, Mr. Richard Henry",male,50.0,0,0,A/5 3594,8.05,,S,,
944,3,"Laleff, Mr. Kristo",male,,0,0,349217,7.8958,,S,,
197,1,"Marvin, Mr. Daniel Warner",male,19.0,1,0,113773,53.1,D30,S,,"New York, NY"
850,3,"Hansen, Mr. Henry Damsgaard",male,21.0,0,0,350029,7.8542,,S,,
539,2,"Pulbaum, Mr. Franz",male,27.0,0,0,SC/PARIS 2168,15.0333,,C,,Paris
178,1,"Kimball, Mrs. Edwin Nelson Jr (Gertrude Parsons)",female,45.0,1,0,11753,52.5542,D19,S,5,"Boston, MA"
956,3,"Lefebre, Miss. Jeannie",female,,3,1,4133,25.4667,,S,,
290,1,"Taussig, Mr. Emil",male,52.0,1,1,110413,79.65,E67,S,,"New York, NY"
239,1,"Roebling, Mr. Washington Augustus II",male,31.0,0,0,PC 17590,50.4958,A24,S,,"Trenton, NJ"
1260,3,"Turja, Miss. Anna Sofia",female,18.0,0,0,4138,9.8417,,S,15,
138,1,"Graham, Mr. George Edward",male,38.0,0,1,PC 17582,153.4625,C91,S,,"Winnipeg, MB"
683,3,"Bourke, Mr. John",male,40.0,1,1,364849,15.5,,Q,,"Ireland Chicago, IL"
144,1,"Harder, Mrs. George Achilles (Dorothy Annan)",female,25.0,1,0,11765,55.4417,E50,C,5,"Brooklyn, NY"
1103,3,"Panula, Master. Urho Abraham",male,2.0,4,1,3101295,39.6875,,S,,
1153,3,"Robins, Mrs. Alexander A (Grace Charity Laury)",female,47.0,1,0,A/5. 3337,14.5,,S,,
1018,3,"Miles, Mr. Frank",male,,0,0,359306,8.05,,S,,
1127,3,"Petroff, Mr. Nedelio",male,19.0,0,0,349212,7.8958,,S,,
345,2,"Berriman, Mr. William John",male,23.0,0,0,28425,13.0,,S,,"St Ives, Cornwall / Calumet, MI"
591,2,"West, Miss. Constance Mirium",female,5.0,1,2,C.A. 34651,27.75,,S,10,"Bournmouth, England"
757,3,"Davison, Mrs. Thomas Henry (Mary E Finck)",female,,1,0,386525,16.1,,S,16,"Liverpool, England Bedford, OH"
293,1,"Taylor, Mrs. Elmer Zebley (Juliet Cummins Wright)",female,,1,0,19996,52.0,C126,S,5 7,"London /  East Orange, NJ"
974,3,"Lobb, Mr. William Arthur",male,30.0,1,0,A/5. 3336,16.1,,S,,
66,1,"Chaudanson, Miss. Victorine",female,36.0,0,0,PC 17608,262.375,B61,C,4,
84,1,"Cumings, Mr. John Bradley",male,39.0,1,0,PC 17599,71.2833,C85,C,,"New York, NY"
932,3,"Kink, Miss. Maria",female,22.0,2,0,315152,8.6625,,S,,
31,1,"Blank, Mr. Henry",male,40.0,0,0,112277,31.0,A31,C,7,"Glen Ridge, NJ"
1084,3,"Olsen, Mr. Karl Siegwart Andreas",male,42.0,0,1,4579,8.4042,,S,,
505,2,"Milling, Mr. Jacob Christian",male,48.0,0,0,234360,13.0,,S,,"Copenhagen, Denmark"
98,1,"Douglas, Mrs. Walter Donald (Mahala Dutton)",female,48.0,1,0,PC 17761,106.425,C86,C,2,"Deephaven, MN / Cedar Rapids, IA"
437,2,"Herman, Miss. Alice",female,24.0,1,2,220845,65.0,,S,9,"Somerset / Bernardsville, NJ"
598,2,"Wright, Miss. Marion",female,26.0,0,0,220844,13.5,,S,9,"Yoevil, England / Cottage Grove, OR"
1216,3,"Smyth, Miss. Julia",female,,0,0,335432,7.7333,,Q,13,
1104,3,"Panula, Mr. Ernesti Arvid",male,16.0,4,1,3101295,39.6875,,S,,
8,1,"Appleton, Mrs. Edward Dale (Charlotte Lamson)",female,53.0,2,0,11769,51.4792,C101,S,D,"Bayside, Queens, NY"
70,1,"Chisholm, Mr. Roderick Robert Crispin",male,,0,0,112051,0.0,,S,,"Liverpool, England / Belfast"
717,3,"Chronopoulos, Mr. Demetrios",male,18.0,1,0,2680,14.4542,,C,,Greece
1298,3,"Wittevrongel, Mr. Camille",male,36.0,0,0,345771,9.5,,S,,
156,1,"Head, Mr. Christopher",male,42.0,0,0,113038,42.5,B11,S,,London / Middlesex
113,1,"Fortune, Miss. Mabel Helen",female,23.0,3,2,19950,263.0,C23 C25 C27,S,10,"Winnipeg, MB"
1272,3,"Vander Cruyssen, Mr. Victor",male,47.0,0,0,345765,9.0,,S,,
219,1,"Omont, Mr. Alfred Fernand",male,,0,0,F.C. 12998,25.7417,,C,7,"Paris, France"
899,3,"Johnson, Mrs. Oscar W (Elisabeth Vilhelmina Berg)",female,27.0,0,2,347742,11.1333,,S,15,
1262,3,"van Billiard, Master. James William",male,,1,1,A/5. 851,14.5,,S,,
519,2,"Norman, Mr. Robert Douglas",male,28.0,0,0,218629,13.5,,S,,Glasgow
916,3,"Karun, Miss. Manca",female,4.0,0,1,349256,13.4167,,C,15,
110,1,"Foreman, Mr. Benjamin Laventall",male,30.0,0,0,113051,27.75,C111,C,,"New York, NY"
773,3,"Dimic, Mr. Jovan",male,42.0,0,0,315088,8.6625,,S,,
391,2,"del Carlo, Mr. Sebastiano",male,29.0,1,0,SC/PARIS 2167,27.7208,,C,,"Lucca, Italy / California"
466,2,"Kantor, Mr. Sinai",male,34.0,1,0,244367,26.0,,S,,"Moscow / Bronx, NY"
800,3,"Fleming, Miss. Honora",female,,0,0,364859,7.75,,Q,,
1304,3,"Zabour, Miss. Hileni",female,14.5,1,0,2665,14.4542,,C,,
862,3,"Hellstrom, Miss. Hilda Maria",female,22.0,0,0,7548,8.9625,,S,C,
869,3,"Holthen, Mr. Johan Martin",male,28.0,0,0,C 4001,22.525,,S,,
546,2,"Reynaldo, Ms. Encarnacion",female,28.0,0,0,230434,13.0,,S,9,Spain
988,3,"Mahon, Mr. John",male,,0,0,AQ/4 3130,7.75,,Q,,
1197,3,"Shellard, Mr. Frederick William",male,,0,0,C.A. 6212,15.1,,S,,
864,3,"Henriksson, Miss. Jenny Lovisa",female,28.0,0,0,347086,7.775,,S,,
901,3,"Johnston, Miss. Catherine Helen ""Carrie""",female,,1,2,W./C. 6607,23.45,,S,,
1129,3,"Petterson, Mr. Johan Emil",male,25.0,1,0,347076,7.775,,S,,
563,2,"Slemen, Mr. Richard James",male,35.0,0,0,28206,10.5,,S,,Cornwall
934,3,"Kink-Heilmann, Miss. Luise Gretchen",female,4.0,0,2,315153,22.025,,S,2,
141,1,"Greenfield, Mrs. Leo David (Blanche Strouse)",female,45.0,0,1,PC 17759,63.3583,D10 D12,C,7,"New York, NY"
631,3,"Andersson, Mr. Johan Samuel",male,26.0,0,0,347075,7.775,,S,,"Hartford, CT"
177,1,"Kimball, Mr. Edwin Nelson Jr",male,42.0,1,0,11753,52.5542,D19,S,5,"Boston, MA"
377,2,"Collyer, Miss. Marjorie ""Lottie""",female,8.0,0,2,C.A. 31921,26.25,,S,14,"Bishopstoke, Hants / Fayette Valley, ID"
428,2,"Hamalainen, Mrs. William (Anna)",female,24.0,0,2,250649,14.5,,S,4,"Detroit, MI"
1066,3,"Novel, Mr. Mansouer",male,28.5,0,0,2697,7.2292,,C,,
91,1,"Dick, Mr. Albert Adrian",male,31.0,1,0,17474,57.0,B20,S,3,"Calgary, AB"
1074,3,"O'Connor, Mr. Patrick",male,,0,0,366713,7.75,,Q,,
426,2,"Hale, Mr. Reginald",male,30.0,0,0,250653,13.0,,S,,"Auburn, NY"
296,1,"Thayer, Mrs. John Borland (Marian Longstreth Morris)",female,39.0,1,1,17421,110.8833,C68,C,4,"Haverford, PA"
75,1,"Colley, Mr. Edward Pomeroy",male,47.0,0,0,5727,25.5875,E58,S,,"Victoria, BC"
62,1,"Chaffee, Mr. Herbert Fuller",male,46.0,1,0,W.E.P. 5734,61.175,E31,S,,"Amenia, ND"
818,3,"Gilnagh, Miss. Katherine ""Katie""",female,16.0,0,0,35851,7.7333,,Q,16,"Co Longford, Ireland New York, NY"
617,3,"Ali, Mr. William",male,25.0,0,0,SOTON/O.Q. 3101312,7.05,,S,,Argentina
590,2,"West, Miss. Barbara J",female,0.9167,1,2,C.A. 34651,27.75,,S,10,"Bournmouth, England"
1078,3,"O'Dwyer, Miss. Ellen ""Nellie""",female,,0,0,330959,7.8792,,Q,,
738,3,"Cribb, Miss. Laura Alice",female,17.0,0,1,371362,16.1,,S,12,"Bournemouth, England Newark, NJ"
1159,3,"Roth, Miss. Sarah A",female,,0,0,342712,8.05,,S,C,
160,1,"Hippach, Mrs. Louis Albert (Ida Sophia Fischer)",female,44.0,0,1,111361,57.9792,B18,C,4,"Chicago, IL"
289,1,"Taussig, Miss. Ruth",female,18.0,0,2,110413,79.65,E68,S,8,"New York, NY"
992,3,"Mangan, Miss. Mary",female,30.5,0,0,364850,7.75,,Q,,
69,1,"Chibnall, Mrs. (Edith Martha Bowerman)",female,,0,1,113505,55.0,E33,S,6,"St Leonards-on-Sea, England Ohio"
173,1,"Keeping, Mr. Edwin",male,32.5,0,0,113503,211.5,C132,C,,
643,3,"Asplund, Miss. Lillian Gertrud",female,5.0,4,2,347077,31.3875,,S,15,"Sweden Worcester, MA"
396,2,"Doling, Mrs. John T (Ada Julia Bone)",female,34.0,0,1,231919,23.0,,S,,Southampton
1161,3,"Rush, Mr. Alfred George John",male,16.0,0,0,A/4. 20589,8.05,,S,,
513,2,"Nasser, Mrs. Nicholas (Adele Achem)",female,14.0,1,0,237736,30.0708,,C,,"New York, NY"
1088,3,"Olsson, Mr. Oscar Wilhelm",male,32.0,0,0,347079,7.775,,S,A,
200,1,"McCaffry, Mr. Thomas Francis",male,46.0,0,0,13050,75.2417,C6,C,,"Vancouver, BC"
511,2,"Myles, Mr. Thomas Francis",male,62.0,0,0,240276,9.6875,,Q,,"Cambridge, MA"
350,2,"Brown, Miss. Edith Eileen",female,15.0,0,2,29750,39.0,,S,14,"Cape Town, South Africa / Seattle, WA"
1211,3,"Skoog, Mrs. William (Anna Bernhardina Karlsson)",female,45.0,1,4,347088,27.9,,S,,
429,2,"Harbeck, Mr. William H",male,44.0,0,0,248746,13.0,,S,,"Seattle, WA / Toledo, OH"
222,1,"Ovies y Rodriguez, Mr. Servando",male,28.5,0,0,PC 17562,27.7208,D43,C,,"?Havana, Cuba"
646,3,"Asplund, Mrs. Carl Oscar (Selma Augusta Emilia Johansson)",female,38.0,1,5,347077,31.3875,,S,15,"Sweden  Worcester, MA"
732,3,"Corn, Mr. Harry",male,30.0,0,0,SOTON/OQ 392090,8.05,,S,,London
846,3,"Hampe, Mr. Leon",male,20.0,0,0,345769,9.5,,S,,
1001,3,"McCoy, Miss. Agnes",female,,2,0,367226,23.25,,Q,16,
231,1,"Peuchen, Major. Arthur Godfrey",male,52.0,0,0,113786,30.5,C104,S,6,"Toronto, ON"
123,1,"Frolicher-Stehli, Mr. Maxmillian",male,60.0,1,1,13567,79.2,B41,C,5,"Zurich, Switzerland"
856,3,"Healy, Miss. Hanora ""Nora""",female,,0,0,370375,7.75,,Q,16,
1163,3,"Ryan, Mr. Patrick",male,,0,0,371110,24.15,,Q,,
1003,3,"McCoy, Mr. Bernard",male,,2,0,367226,23.25,,Q,16,
1098,3,"Palsson, Miss. Stina Viola",female,3.0,3,1,349909,21.075,,S,,
273,1,"Spedden, Master. Robert Douglas",male,6.0,0,2,16966,134.5,E34,C,3,"Tuxedo Park, NY"
1194,3,"Sdycoff, Mr. Todor",male,,0,0,349222,7.8958,,S,,
743,3,"Dahlberg, Miss. Gerda Ulrika",female,22.0,0,0,7552,10.5167,,S,,"Norrlot, Sweden Chicago, IL"
669,3,"Beavan, Mr. William Thomas",male,19.0,0,0,323951,8.05,,S,,England
483,2,"Leitch, Miss. Jessie Wills",female,,0,0,248727,33.0,,S,11,"London / Chicago, IL"
324,2,"Abelson, Mrs. Samuel (Hannah Wizosky)",female,28.0,1,0,P/PP 3381,24.0,,C,10,"Russia New York, NY"
747,3,"Danbom, Master. Gilbert Sigvard Emanuel",male,0.3333,0,2,347080,14.4,,S,,"Stanton, IA"
562,2,"Slayter, Miss. Hilda Mary",female,30.0,0,0,234818,12.35,,Q,13,"Halifax, NS"
525,2,"Pain, Dr. Alfred",male,23.0,0,0,244278,10.5,,S,,"Hamilton, ON"
344,2,"Bentham, Miss. Lilian W",female,19.0,0,0,28404,13.0,,S,12,"Rochester, NY"
334,2,"Banfield, Mr. Frederick James",male,28.0,0,0,C.A./SOTON 34068,10.5,,S,,"Plymouth, Dorset / Houghton, MI"
685,3,"Bowen, Mr. David John ""Dai""",male,21.0,0,0,54636,16.1,,S,,"Treherbert, Cardiff, Wales"
268,1,"Smith, Mr. Lucien Philip",male,24.0,1,0,13695,60.0,C31,S,,"Huntington, WV"
972,3,"Ling, Mr. Lee",male,28.0,0,0,1601,56.4958,,S,,
37,1,"Bradley, Mr. George (""George Arthur Brayton"")",male,,0,0,111427,26.55,,S,9,"Los Angeles, CA"
712,3,"Celotti, Mr. Francesco",male,24.0,0,0,343275,8.05,,S,,London
1045,3,"Myhrman, Mr. Pehr Fabian Oliver Malkolm",male,18.0,0,0,347078,7.75,,S,,
418,2,"Gilbert, Mr. William",male,47.0,0,0,C.A. 30769,10.5,,S,,Cornwall
1294,3,"Williams, Mr. Leslie",male,28.5,0,0,54636,16.1,,S,,
728,3,"Cook, Mr. Jacob",male,43.0,0,0,A/5 3536,8.05,,S,,
1290,3,"Wilkes, Mrs. James (Ellen Needs)",female,47.0,1,0,363272,7.0,,S,,
1292,3,"Willey, Mr. Edward",male,,0,0,S.O./P.P. 751,7.55,,S,,
1031,3,"Morley, Mr. William",male,34.0,0,0,364506,8.05,,S,,
953,3,"Leeni, Mr. Fahim (""Philip Zenni"")",male,22.0,0,0,2620,7.225,,C,6,
967,3,"Lindblom, Miss. Augusta Charlotta",female,45.0,0,0,347073,7.75,,S,,
808,3,"Ford, Mr. Arthur",male,,0,0,A/5 1478,8.05,,S,,"Bridgwater, Somerset, England"
118,1,"Franklin, Mr. Thomas Parham",male,,0,0,113778,26.55,D34,S,,"Westcliff-on-Sea, Essex"
681,3,"Boulos, Mrs. Joseph (Sultana)",female,,0,2,2678,15.2458,,C,,"Syria Kent, ON"
1299,3,"Yasbeck, Mr. Antoni",male,27.0,1,0,2659,14.4542,,C,C,
86,1,"Daly, Mr. Peter Denis ",male,51.0,0,0,113055,26.55,E17,S,5 9,"Lima, Peru"
724,3,"Connaghton, Mr. Michael",male,31.0,0,0,335097,7.75,,Q,,"Ireland Brooklyn, NY"
876,3,"Ilieff, Mr. Ylio",male,,0,0,349220,7.8958,,S,,
